app_name,rating,review,preprocessed_text,tf-idf_Logistic Regression,transformers_sentiment
Duolingo,5,bagus jir jadi tau enggres gwðŸ—¿,bagus tau inggris,Positif,Negatif
Duolingo,5,Bagus,bagus,Positif,Negatif
Duolingo,5,mantap sekarang gua bisa translator,mantap translator,Negatif,Negatif
Duolingo,5,aplikasinya baik sekal,aplikasi,Negatif,Positif
Duolingo,5,bagus aky jadi makin pinter bahasa ingris yay,bagus pintar bahasa ingris yay,Positif,Negatif
Duolingo,5,makasih dulingo aku kelas 3 SMP sudah agak bisa bahasa jepang ðŸ‘ðŸ‘ðŸ‘ðŸ˜,makasih dulingo kelas smp bahasa jepang,Positif,Negatif
Duolingo,5,sangat cocok untuk belajar bahasa inggrisðŸ‘ðŸ‘,cocok ajar bahasa inggris,Positif,Negatif
Duolingo,5,"keren sekalii,mudah dipahami, timaaciw duolingo",keren mudah paham makasih,Positif,Negatif
Duolingo,5,baguss dan iklan nya dikit makasih duoooðŸ«¶ðŸ«¶ðŸ«¶ðŸ«¶ðŸ«¶,bagus iklan dikit makasih duooo,Negatif,Negatif
Duolingo,5,bagus sangat membantu saya belajar bahasa inggris,bagus bantu ajar bahasa inggris,Positif,Negatif
Duolingo,5,sangat membantu pertahankanðŸ˜ðŸ˜,bantu tahan,Positif,Negatif
Duolingo,5,Bagus bangett,bagus banget,Positif,Negatif
Duolingo,5,menyenangkan dan mudah,senang mudah,Positif,Negatif
Duolingo,5,karena aku jadi bisa bahasa inggris. n. a. n a. b.,keren bahasa inggris,Positif,Positif
Duolingo,5,bagus aplikasi nya,bagus aplikasi,Positif,Negatif
Duolingo,4,"keren dan aku jadi jago bahasa, tapi tolong bisa di jadiin bahasa Indonesia gak soalnya aku pengen belajar bahasa China tapi tulisan yang di suruh nya bahasa Inggris",keren jago bahasa tolong jadi bahasa indonesia ken ajar bahasa china tulis suruh bahasa inggris,Positif,Negatif
Duolingo,5,cukup baik,,Negatif,Positif
Duolingo,5,saya sangat menyukai aplikasi ini,suka aplikasi,Positif,Positif
Duolingo,5,sangat bermanfaat buat yang mau belajar bahasa,manfaat ajar bahasa,Positif,Positif
Duolingo,5,seru banget,seru banget,Positif,Positif
Duolingo,5,sangat seru jadi semangat belajar deh,seru semangat ajar,Positif,Negatif
Duolingo,5,aplikasi sungguh bagus dan saya pendapat kan limu,aplikasi sungguh bagus dapat limu,Positif,Negatif
Duolingo,5,bagus bangettt ak jadi bisa ngerjain tugas tanpa pakai bukuuðŸ‘ðŸ’ª,bagus banget ngerjain tugas pakai bukuu,Positif,Negatif
Duolingo,5,"Seru!, aplikasi ini membuat saya bisa berbahasa ChinaðŸ—¿ðŸ˜­ðŸ’€ðŸ˜",seru aplikasi bahasa china,Positif,Positif
Duolingo,5,"wow keren banget bisa belajar bahasa mendengar dan berbicara menulis, itu sa ngat keren aku harap bisa belajar bahasa Jepang dengan mudahðŸ˜Š",wow keren banget ajar bahasa dengar bicara tulis keren harap ajar bahasa jepang mudah,Positif,Negatif
Duolingo,5,bagus untuk pendidikan atau sekolah,bagus didik sekolah,Positif,Positif
Duolingo,5,bagus dan membuat cepat belajar bahasa Inggris,bagus cepat ajar bahasa inggris,Positif,Negatif
Duolingo,5,aku jadi bisa belajar bahasa asing tanpa membayar,ajar bahasa asing bayar,Negatif,Positif
Duolingo,5,bagus,bagus,Positif,Negatif
Duolingo,5,bisa membantu anda untuk belajar bahasa dan bisa mengetahui banyak hal,bantu ajar bahasa,Positif,Negatif
Duolingo,5,jadi saya sudah mulai bahasa Spanyol,bahasa spanyol,Negatif,Positif
Duolingo,5,aplikasi nya bagus banget membantu banget buat belajar bahasa,aplikasi bagus banget bantu banget ajar bahasa,Positif,Negatif
Duolingo,5,aplikasinya bagus saya bisa belajar banyak bahasa dan ada juga kursus musik dan matematika Bintang 5 lah untuk duolingo,aplikasi bagus ajar bahasa kursus musik matematika bintang,Positif,Negatif
Duolingo,5,kita bisa belajar bersama disini dengan asyik seru dan mudah memahaminyaaaa saya sangattt suka dengan aplikasi ini ayooo yang mau belajarrr disini aja,ajar asik seru mudah paham suka aplikasi ayo ajar,Positif,Negatif
Duolingo,5,mksy bantuannya duo :) lanjut setelah target pertama ak mw bljr bi arab :D,makasih bantu duo target ajar arab,Positif,Negatif
Duolingo,5,mudah di pahami,mudah paham,Positif,Negatif
Duolingo,5,duolingo menyenangkan,senang,Negatif,Positif
Duolingo,5,ini bisa untuk menglatih anak belajar,menglatih anak ajar,Negatif,Negatif
Duolingo,5,waww ini aplikasi baguss aku suka belajar disini dan seruuu,waww aplikasi bagus suka ajar seru,Positif,Negatif
Duolingo,2,seru dan bisa bikin saya lancar bahasa Inggris seperti hari monday tuesday Wednesday tursday Saturday Sunday saya suka duolingo,seru bikin lancar bahasa inggris monday tuesday wednesday tursday saturday sunday suka,Positif,Negatif
Duolingo,5,puas bgt belajar di sini keren belajar sambil bermain,puas banget ajar keren ajar main,Positif,Negatif
Duolingo,5,aku baru belajar 2 hari dan langsung tau bahasa sehari hari!!,ajar langsung tau bahasa hari,Positif,Negatif
Duolingo,4,sangat baik dan sangat membantu tapi yang paling bikin sebel kalo pas lagi belajar harus ngisi energi,bantu bikin sebel kalo sesuai ajar ngisi energi,Positif,Negatif
Duolingo,4,bagus aku suka,bagus suka,Positif,Negatif
Duolingo,5,aplikasi nya aku suka dan bisa aku semangat,aplikasi suka semangat,Positif,Negatif
Duolingo,1,game ini sangat seru dan membuat saya di sekolah peringkat dua,game seru sekolah peringkat,Positif,Positif
Duolingo,5,"Bagus bisa belajar sesuai apa yg kita mau belajar seperti bahasa inggris , korea dll.",bagus ajar sesuai ajar bahasa inggris korea dll,Positif,Negatif
Duolingo,5,baik dalam menambah wawasan,tambah wawas,Negatif,Negatif
Duolingo,5,SERUUUU,seru,Positif,Positif
Duolingo,5,Duolingo sangat amat seru dan juga saya senang memainkan Duolingo,seru senang main,Positif,Positif
Duolingo,5,ini sangat bagus dan menyenangkan,bagus senang,Positif,Negatif
Duolingo,5,Baguss bangedd,bagus banget,Positif,Negatif
Duolingo,5,bagus banget,bagus banget,Positif,Negatif
Duolingo,5,bagusss banget,bagus banget,Positif,Negatif
Duolingo,5,pajarannya seru seru dan menarik untuk di pelajari,ajar seru seru tarik ajar,Positif,Negatif
Duolingo,5,"saya suka,saya pintar bahasa Inggris dari aplikasi ini",suka pintar bahasa inggris aplikasi,Positif,Negatif
Duolingo,5,"bagus banget bisa belajar semua kursus aku jadi bisa matematika dan bahasa inggris,pokoknya Duolingo paling baguss deh!!",bagus banget ajar kursus matematika bahasa inggris pokok bagus,Positif,Negatif
Duolingo,5,"ini lumayan sih buat belajar bahasa, terus bisa luangin waktu pas mau belajar bahasa daripada nunggu ke sekolah ðŸ™‚ðŸ‘",lumayan ajar bahasa luangin sesuai ajar bahasa nunggu sekolah,Positif,Negatif
Duolingo,5,selalu bagus aplikasinya,bagus aplikasi,Positif,Negatif
Duolingo,5,"assalamualaikum.Hallo nama saya lintang wa hyu prihatini.putri Anak sulung pertama Bu Nung(Siti sutichah)faseh sudah bisa bahasa Inggris mulai sejak kecil mulai sekolah SD,sampai remaja SMP dan SMA.jadi sampai sekarang mahir.saya kasih bintang 5 karena mencapai juara 1 ðŸ†peringkat ðŸ¥‡ sekarang menjadi juara 3 peringkatðŸ¥‰dapat nilai ðŸ’¯. lalu peringkat 3ðŸ¥‰dan berusaha mulai nol ada kesalahan Terima kasihðŸ˜ŒðŸ™.wasalamualaikum.",assalamualaikumhallo nama lintang wahyu prihatiniputri anak sulung nung siti sutichah faseh bahasa inggris sekolah remaja smp smajadi mahirsaya kasih bintang capai juara peringkat juara peringkat dapat nilai peringkat 3 dan usaha nol salah terima kasih wasalamualaikum,Negatif,Negatif
Duolingo,5,mantappp,mantap,Negatif,Positif
Duolingo,5,sehari dah hafal banyak hal,hari hafal,Negatif,Positif
Duolingo,5,bagus otak ku jadi pintar,bagus otak pintar,Positif,Negatif
Duolingo,5,bagus untuk belajar,bagus ajar,Positif,Negatif
Duolingo,5,duolingo ini sangat bagus dan bikin saya bisa bahasa Inggris secepatnyaðŸ¤©ðŸ¤©,bagus bikin bahasa inggris cepat,Positif,Negatif
Duolingo,5,bagus bangett,bagus banget,Positif,Negatif
Duolingo,4,mengapa untuk penutur bahasa Indonesia tidak ada kursus catur?,tutur bahasa indonesia kursus catur,Negatif,Negatif
Duolingo,5,sangat berguna untuk belajar bahasaðŸ¥°ðŸ¥°ðŸ¥°,guna ajar bahasa,Positif,Negatif
Duolingo,5,"Alhamdulillah, saya memakai aplikasi ini sangat membantu untuk belajar bahasa inggris.",alhamdulillah pakai aplikasi bantu ajar bahasa inggris,Positif,Negatif
Duolingo,5,bagus. aku SYUKAK,bagus suka,Positif,Negatif
Duolingo,5,sangat membantu love you banget sama aplikasi nya,bantu love you banget aplikasi,Positif,Positif
Duolingo,5,good apps,bagus aplikasi,Positif,Negatif
Duolingo,5,bagus untuk yang mau belajar bahasa disini dan tidak terlalu sulit untuk memahami nya,bagus ajar bahasa sulit paham,Positif,Negatif
Duolingo,5,sungguh bisa buat belajar online sampai kita bisa bahasa Jepang,sungguh ajar online bahasa jepang,Positif,Negatif
Duolingo,5,bagus,bagus,Positif,Negatif
Duolingo,5,ini bagus,bagus,Positif,Negatif
Duolingo,5,aplikasi ini sangat membantu untuk pembelajaran ku di sekolah sekarang aku sudah lebih baik di inggris,aplikasi bantu ajar sekolah inggris,Positif,Negatif
Duolingo,5,sangat bagus untuk belajar bahasa apapun,bagus ajar bahasa,Positif,Negatif
Duolingo,5,gamenya sangat baru buat yang mau belajar bahasa Inggris,gamenya ajar bahasa inggris,Positif,Negatif
Duolingo,5,"ini benar benar bagus,saya belajar bahasa china jadi lancar kan aplikasi ini!",bagus ajar bahasa china lancar aplikasi,Positif,Negatif
Duolingo,5,berrgunaa bgttt plllssss,berrgunaa banget plis,Positif,Negatif
Duolingo,5,"game ini mengajari kami agar menjadi teladan, bijak dan pintar",game ajar teladan bijak pintar,Negatif,Negatif
Duolingo,5,keren kau burung bisa melatih skil berbahasa yang baik,keren kau burung latih skil bahasa,Positif,Negatif
Duolingo,5,sangat bagus,bagus,Positif,Negatif
Duolingo,5,belajar bahasa sangat menyenangkan di duolingo,ajar bahasa senang,Positif,Positif
Duolingo,5,"salam dari Medan. jujur duolingo baik banget, mau ngasih aplikasi gratis untuk pemula bahasa inggris. semoga Allah berikan makin sukses ya semua nyaaa. amiin recommended banget",salam medan jujur banget ngasih aplikasi gratis mula bahasa inggris moga allah sukses amiin recommended banget,Positif,Positif
Duolingo,5,karena apk ini aku sekarang bisa bahasa Inggris and Mandarin karena keperluan pekerjaan thankyou Duolingo i like you,aplikasi bahasa inggris and mandarin perlu kerja thankyou like you,Negatif,Positif
Duolingo,5,seru sih...,seru,Positif,Positif
Duolingo,5,sangat baik untuk belajar BHS inggris,ajar bahasa inggris,Positif,Negatif
Duolingo,5,sangat bagus aku jadi semangat belajar bahasa inggirs,bagus semangat ajar bahasa inggris,Positif,Negatif
Duolingo,5,"Aplikasi yang cocok banget untuk belajar, level belajarnya disesuaikan dengan kemampuan tiap orang, seperti lagi main aja tapi nambah ilmu",aplikasi cocok banget ajar level ajar sesuai mampu orang main nambah ilmu,Positif,Negatif
Duolingo,5,ini sangat membantu saya untuk belajar dan menambah pengetahuan tentang beberapa bahasa yg saya senangiðŸ’žðŸ’ž,bantu ajar tambah tahu bahasa senang,Positif,Negatif
Duolingo,5,sangat mendidik dan mendukung anak dalam belajar bahasa Inggris,didik dukung anak ajar bahasa inggris,Positif,Negatif
Duolingo,5,cocok banget buat belajar bahasa,cocok banget ajar bahasa,Positif,Negatif
Duolingo,5,kita udah di ajarkan bahasa inggris,ajar bahasa inggris,Positif,Negatif
Duolingo,5,aplikasinya mantap..!,aplikasi mantap,Negatif,Positif
Duolingo,5,goodddd bangettt,good banget,Positif,Positif
Duolingo,5,suka banget. tapi pengen ada bahasa arab juga. mungkin next bisa di kasih bahasa arab ya min. terima kasih,suka banget ken bahasa arab next kasih bahasa arab min terima kasih,Positif,Negatif
Duolingo,5,aplikasi ini benar benar bikin saya kagum karna aplikasi ini mengajar bahasa apapun seperti bahasa jepang,aplikasi bikin kagum aplikasi ajar bahasa bahasa jepang,Positif,Negatif
Duolingo,5,bagus banget untuk yang mau blajar,bagus banget ajar,Positif,Negatif
Duolingo,5,sangat membantu untuk segala hal bahasa aku suka ðŸ‘,bantu bahasa suka,Positif,Negatif
Duolingo,5,"sangat bagus dan dapat bermanfaat dan bisa belajar bahasa yang lain juga dan dapat belajar mtk dan musik , POKOKNYA SERU POLLLL",bagus manfaat ajar bahasa ajar mtk musik pokok seru pollll,Positif,Negatif
Duolingo,5,very good apps,very bagus aplikasi,Positif,Negatif
Duolingo,5,sangat bermanfaat,manfaat,Negatif,Negatif
Duolingo,5,seru,seru,Positif,Positif
Duolingo,5,Aplikasi ini cocok sekali untuk kalian yang ingin mempelajari bahasa baru!ðŸ”¥,aplikasi cocok ajar bahasa,Positif,Negatif
Duolingo,4,sangat membantu dalam belajar berbagai bahasa mulai dari 0,bantu ajar bahasa,Positif,Negatif
Duolingo,5,Bagus bisa mudah untuk menghafal,bagus mudah hafal,Positif,Negatif
Duolingo,5,bagus sgt membantu,bagus bantu,Positif,Negatif
Duolingo,5,bagus aku jadi bisa bicara bahasa Jepang Korea dan Inggris,bagus bicara bahasa jepang korea inggris,Positif,Negatif
Duolingo,5,terimakasih atas langganan gratisnya selama sebulan itu sangat membantu,terimakasih langgan gratis bulan bantu,Negatif,Negatif
Duolingo,5,sangat baik untuk meningkatkan saya untuk belajar dan duolingo ini seperti manusia juga suka marah bila saya terlambat pokok nya yang harus belajar sama duolingo ini sampai saya lancar berbahasa Inggris dengan baik,tingkat ajar manusia suka marah lambat pokok ajar lancar bahasa inggris,Positif,Negatif
Duolingo,5,"bantu gw banget buat belajar bahasa lain, gg pokonamah",bantu banget ajar bahasa pokonamah,Positif,Negatif
Duolingo,5,bagus ðŸ‘ ada nya duolingo aku makin mengerti bhs Inggris,bagus erti bahasa inggris,Positif,Negatif
Duolingo,5,bagus,bagus,Positif,Negatif
Duolingo,5,keren,keren,Positif,Positif
Duolingo,5,belajar nya santai,ajar santai,Positif,Positif
Duolingo,5,saya senang sekali belajar di duolingo,senang ajar,Positif,Positif
Duolingo,5,"saya sangat suka aplikasi ini, saya bisa belajar beberapa kursus yang pastinya mudah dipahami, tapi di tengah tengah saya bermain, energinya habis, jadi harus balik ke awal lagi, tapi nggak apa apa kok",suka aplikasi ajar kursus pasti mudah paham main energi habis,Positif,Negatif
Duolingo,5,terbaik,baik,Negatif,Positif
Duolingo,5,bagus untuk memulai belajar b inggris,bagus ajar inggris,Positif,Negatif
Duolingo,5,bagus bangett ! Aku belajar bahasa jepang disini dann.. AKU BISA NONTON ANIME TANPA SUBTITLE ! ^â—‹^,bagus banget ajar bahasa jepang nonton anime subtitle,Positif,Negatif
Duolingo,5,mantap,mantap,Negatif,Positif
Duolingo,5,sangat membantu untuk belajar bahasa,bantu ajar bahasa,Positif,Negatif
Duolingo,5,"aplikasi favorit banget aku nih karena apa? aplikasi ini dapat belajar bahasa Inggris/bahasa lainnya, aplikasi ini juga simple hanya membutuhkan rutinitas yang setiap harinya, kuota dan energi Awalnya ragu untuk pake aplikasi ini tapi sejak nyobain malah bikin aku ketagihan! ðŸ˜‹ aku jadi lebih paham dan mengerti bahasa Inggris ðŸ¤©ðŸ¤©",aplikasi favorit banget aplikasi ajar bahasa inggrisbahasa aplikasi simple butuh rutinitas hari kuota energi ragu pakai aplikasi nyobain bikin tagih paham erti bahasa inggris,Positif,Negatif
Duolingo,5,aplikasi yng bagus,aplikasi bagus,Positif,Negatif
Duolingo,4,mantap lumayan membantu,mantap lumayan bantu,Positif,Negatif
Duolingo,5,Kenapa sekarang nambah hati nya gabisa make latihannnn????????????,nambah hati tidak bisa make latih,Negatif,Negatif
Duolingo,5,seru,seru,Positif,Positif
Duolingo,5,"Duolingo ini sangat bagus,dan sangat membantu saya buat belajar bahasa,dan saya udah lumayan banyak bisa bahasa nya,rekomendasi banget sih apk Duolingo ini",bagus bantu ajar bahasa lumayan bahasa rekomendasi banget aplikasi,Positif,Negatif
Duolingo,5,bgs bisa melatih kita ayo segera download,bagus latih ayo download,Negatif,Positif
Duolingo,5,aku udah sedikit lancar berbahasa Inggris jadi aku bisa berbicara kepada bule inggris eh eh eh ðŸ˜…ðŸ˜…,lancar bahasa inggris bicara bule inggris,Positif,Negatif
Duolingo,5,game ini sangat bagus untuk sayaðŸ‘,game bagus saya,Positif,Negatif
Duolingo,5,bagussss,bagus,Positif,Negatif
Duolingo,4,aku jadi lebih pintar,pintar,Negatif,Positif
Duolingo,5,"jadi mudah paham bahasa inggris,soalnya aku gak bisa bahasa inggris ðŸ˜”",mudah paham bahasa inggris bahasa inggris,Positif,Negatif
Duolingo,5,sangat bagus,bagus,Positif,Negatif
Duolingo,5,sangat membantu saya dalam penghafalan bahasa inggris,bantu hafal bahasa inggris,Positif,Negatif
Duolingo,5,mantappp,mantap,Negatif,Positif
Duolingo,4,bagus,bagus,Positif,Negatif
Duolingo,5,ASIK IH,asik,Negatif,Positif
Duolingo,5,so amazing,amazing,Negatif,Positif
Duolingo,5,oke saja,oke,Negatif,Positif
Duolingo,5,ini bisa mengajari kalian lebih cepat menguasai kosakata bagi yang pemula dan lebih menyenangkan karena ini bukan belajar yang nyiksa gitu,ajar cepat kuasa kosakata mula senang ajar nyiksa gitu,Positif,Negatif
Duolingo,5,cukup membantu,bantu,Positif,Negatif
Duolingo,5,aplikasi belanja yang bagus dan lucu,aplikasi belanja bagus lucu,Positif,Negatif
Duolingo,5,ini bisa untuk jadi cerdas,cerdas,Negatif,Positif
Duolingo,5,aplikasi ini sangat bagus,aplikasi bagus,Positif,Negatif
Duolingo,5,karna bisa mengajarkan saya berbahasa inggris dengan lancar,ajar bahasa inggris lancar,Positif,Positif
Duolingo,5,seruuu,seru,Positif,Positif
Duolingo,5,lebih mudah,mudah,Positif,Negatif
Duolingo,5,ini bikin saya pintar dan boleh di main kan wow kamu keren duolingo,bikin pintar main wow keren,Positif,Positif
Duolingo,5,karena bikin saya tau semua tentang bahasa inggris dari sebelum nye gak pandai jadi pandaiðŸ˜ðŸ˜ðŸ˜,bikin tau bahasa inggris nye pandai pandai,Positif,Negatif
Duolingo,5,saya mulai bisa berbahasa Inggris sejak menggunakan Duolingo ðŸ˜ŠðŸ˜Š,bahasa inggris,Positif,Positif
Duolingo,5,bagus untuk belajar bahasa apapun!!,bagus ajar bahasa,Positif,Negatif
Duolingo,5,sangat bagus,bagus,Positif,Negatif
Duolingo,5,"aplikasi ini sangat membantuku untuk belajar bahasa asing, salah satunya bahasa jepang... karena, bahasa jepang ada di sekolah ku, jadi selain belajar di sekolah, aku juga bisa belajar di hp... makasih duolingo udah membantu tentang pengetahuan kosakata bahasa asing",aplikasi bantu ajar bahasa asing salah satu bahasa jepang bahasa jepang sekolah ajar sekolah ajar makasih bantu tahu kosakata bahasa asing,Positif,Negatif
Duolingo,5,duolingo sangat bagus! aku menyukai duolingoðŸ«¶ðŸ«¶,bagus suka,Positif,Negatif
Duolingo,5,bagus,bagus,Positif,Negatif
Duolingo,5,membantu,bantu,Positif,Negatif
Duolingo,5,bagus,bagus,Positif,Negatif
Duolingo,5,baguss,bagus,Positif,Negatif
Duolingo,5,bisa belajar sekaligus bermain,ajar main,Positif,Positif
Duolingo,5,bagus buat belajar,bagus ajar,Positif,Negatif
Duolingo,5,sangat bagus,bagus,Positif,Negatif
Duolingo,5,good,bagus,Positif,Negatif
Duolingo,5,bagus buat yang belum bisa bahasa inggris Korea dan lainnya makasih duolingo bagus banget buat belajar mau dimana saja tetap ada duolingo belajar setiap hari aja bisa tanpa bayar dan juga bisa buat cerdas dan ada juga MTK atau (matematika) pokoknya harus sering belajar setiap hari deh,bagus bahasa inggris korea makasih bagus banget ajar mana ajar bayar cerdas mtk matematika pokok ajar,Positif,Negatif
Duolingo,5,bagus banget ðŸ’«,bagus banget,Positif,Negatif
Duolingo,5,Duolingo sangat menyenangkan aku sangat suka,senang suka,Positif,Positif
Duolingo,4,"Karena blm mengajarkan sy cara membaca alfabet dan kosakata dan masih bnyk lagi yg harus diajarkan karna sy betul"" pemula dlm berbahasa inggris sy blm pandai mengucapkan atau membaca alfabet dlm bahasa inggris sy tolong ajarkan dgn baikðŸ˜ŠðŸ˜ŠðŸ˜Š",ajar baca alfabet kosakata ajar mula bahasa inggris pandai baca alfabet bahasa inggris tolong ajar baik,Positif,Negatif
Duolingo,5,seruu,seru,Positif,Positif
Duolingo,5,pelarangan ini sangat seru,larang seru,Positif,Positif
Duolingo,5,apk nya seru bangeet gampang belajar pake ini pokonya apk nya seru bangett,aplikasi seru bangeet gampang ajar pakai poko aplikasi seru banget,Positif,Negatif
Duolingo,5,duolingo is good,bagus,Positif,Negatif
Duolingo,4,Saya Suka Belajar Di Duolingo Dan lebih mudah Belajar Tapi kok ada Energi Bikin terbatas Belajar 25 Energi,suka ajar mudah ajar energi bikin batas ajar energi,Positif,Negatif
Duolingo,5,mantap,mantap,Negatif,Positif
Duolingo,5,App nya bagus + bisa belajar sambil main,aplikasi bagus ajar main,Positif,Negatif
Duolingo,5,sangat bguss dan mudah untuk menghapal berbagai bhs,bguss mudah menghapal bahasa,Positif,Negatif
Duolingo,5,Sangan membantu saya belajar bahasa asing,bantu ajar bahasa asing,Positif,Negatif
Duolingo,4,"baguss bgt, membantu. tp kenapa di bagian percakapan kaya cerita gitu, selalu lesbian ya? ðŸ˜­",bagus banget bantu cakap kaya cerita gitu lesbian,Positif,Negatif
Duolingo,5,pelajarannya sangat bagus buat melatih anakðŸ˜„ðŸ˜„ðŸ˜„ðŸ˜„,ajar bagus latih anak,Positif,Negatif
Duolingo,5,ok sangat membantu semakin bervariasi pertanyaannya,oke bantu variasi tanya,Positif,Negatif
Duolingo,5,duo linggoini sangat cocok untuk semua umur i love duolingo,duo linggoini cocok umur love,Negatif,Positif
Duolingo,5,disini saya lebih bisa berbahasa b.inggris kalau kosisten tiap hari latihan terus dan mau belajar dengan giat pasti ada hasilnya,bahasa binggris kosisten latih ajar giat hasil,Positif,Negatif
Duolingo,5,anak saya senang ketika belajar di duolingo....,anak senang ajar,Negatif,Positif
Duolingo,5,jadi semangat belajarðŸ˜Š,semangat ajar,Positif,Positif
Duolingo,4,lumayan,lumayan,Negatif,Positif
Duolingo,5,very nice,very bagus,Positif,Negatif
Duolingo,5,Game ini sangat menyenangkan dan bermanfaat dlm berlatih bahasa asing Terima kasih Duolingo,game senang manfaat latih bahasa asing terima kasih,Positif,Negatif
Duolingo,5,bagus,bagus,Positif,Negatif
Duolingo,5,Sangat berguna,guna,Positif,Negatif
Duolingo,5,bisa pengen saingan sama temen yang belajar di sini belajar Jepang jadi nta aku mau Korea aja,ken saing temen ajar ajar jepang ntar korea,Positif,Negatif
Duolingo,5,aku sangat suka berkembang lah,suka kembang,Positif,Positif
Duolingo,5,aplikasi nya bagus tapi gue saranin untuk memperbanyak game game nya jangan banyak di soal tapi di permainan lain juga agar tidak bosan menurut saya itu saja,aplikasi bagus saranin banyak game gamenya main bosan,Positif,Negatif
Duolingo,4,"bagus poll, tapi tapi tapi",bagus poll,Positif,Negatif
Duolingo,5,makasih Duolingo aku belajar sangat banyak kosa kata dan bisa memahami banyak bahasaðŸ‘ðŸ»ðŸ‘ðŸ»,makasih ajar kosa paham bahasa,Positif,Negatif
Duolingo,5,Aku suka banget mana karakter nya imut imut lagiðŸ˜­,suka banget karakter imut imut lagi,Positif,Negatif
Duolingo,5,good,bagus,Positif,Negatif
Duolingo,5,seru dan baguss bgt,seru bagus banget,Positif,Negatif
Duolingo,5,baguuusss bangetðŸ˜†ðŸ—¿ðŸ‘Š,bagus banget,Positif,Negatif
Duolingo,5,"sangat baguss, apalagi aku yang sedang mau bekerja di restoran Jepang yaitu bistro jurer yang sekarang namanya diganti jadi paty cafe. aamiin",bagus restoran jepang bistro jurer nama ganti paty cafe aamiin,Positif,Negatif
Duolingo,5,gamenya bagus gak ada sponsor nya jadi aku setiap hari aku belajar bahasa inggris,gamenya bagus sponsor ajar bahasa inggris,Positif,Negatif
Duolingo,5,bagus,bagus,Positif,Negatif
Duolingo,5,ini sangat sangat berguna untuk pemula yang baru belajar b.inggris semangat terus duolingo,guna mula ajar binggris semangat,Positif,Negatif
Duolingo,5,bagus dan aku jadi bisa bahasa Inggris thank you duolingo,bagus bahasa inggris thank you,Positif,Positif
Duolingo,5,aku suka belajar sama duolingo,suka ajar,Positif,Positif
Duolingo,5,seruu karna duolingo aku bisa bahasa inggrisðŸ˜µâ€ðŸ’«â¤ï¸,seru bahasa inggris,Positif,Positif
Duolingo,4,so good,bagus,Positif,Negatif
Duolingo,5,karena untuk belajar bahasa,ajar bahasa,Positif,Positif
Duolingo,5,Duolingo sangat bagus dan dapan di main kan kaban aja aku punya satu permintaan 2026 apakah duolingo bakalan update,bagus main kaban minta update,Positif,Negatif
Duolingo,5,bagus dan membantu,bagus bantu,Positif,Negatif
Duolingo,5,seru banget deh,seru banget,Positif,Positif
Duolingo,5,nilai bahasa inggris ku bertambah,nilai bahasa inggris tambah,Positif,Positif
Duolingo,5,aplikasi ini sangat seru sekali . . . . . . .... .. .. .. . . . . . . . . . . . . . . . . . . . . .,aplikasi seru,Positif,Positif
Duolingo,5,Duolingo membantu kita untuk mengasah kemampuan bahasa inggris kita pokoknya best bangetlah sma duolingo. Terimaksih Duolingo,bantu asah mampu bahasa inggris pokok best banget sma terimaksih,Positif,Negatif
Duolingo,5,aku suka baget karna aplikasi ini saya bisa bahasa jepan,suka baget aplikasi bahasa jepan,Positif,Negatif
Duolingo,5,"pembelajaran nya seru banget, saya suka belajar di Duolingo, terimakasih sudah membuat aplikasi Duolingo",ajar seru banget suka ajar terimakasih aplikasi,Positif,Negatif
Duolingo,5,bagus banget buat yang mau belajar bahasa atau mau liburan tapi ga tau bahasa nyaaðŸ˜–ðŸ˜–,bagus banget ajar bahasa libur tau bahasa nyaa,Positif,Negatif
Duolingo,5,Aplikasi nya bagus jadi aku kasih bintang 5,aplikasi bagus kasih bintang,Positif,Positif
Duolingo,5,apk nya bagus ðŸ¤­,aplikasi bagus,Positif,Negatif
Duolingo,5,Bagus untuk belajar bahasa inggris,bagus ajar bahasa inggris,Positif,Negatif
Duolingo,4,bermanfaat sekali untuk saya..ðŸ‘ðŸ’¯,manfaat,Negatif,Negatif
Duolingo,5,ini bagus sekali aku aku jadi dapat cepat memahami bahasa nya dan itu aku tulis di buku supaya aku bisa lebih mengerti seneng deh rasanya terimakasih duolingo,bagus cepat paham bahasa tulis buku erti neng terimakasih,Positif,Negatif
Duolingo,5,aku bisa belajar di rumah karna ada duolinggo terimakasih yaa duolinggo aku bisa pintar sekarang!,ajar rumah duolinggo terimakasih duolinggo pintar,Negatif,Negatif
Duolingo,5,good,bagus,Positif,Negatif
Duolingo,5,cukup bagus untk bljr,bagus untk ajar,Positif,Negatif
Duolingo,5,game ini sangat membantu saya mengerti dan memahami,game bantu erti paham,Positif,Negatif
Duolingo,5,bagus banget ðŸ¥´ðŸ˜¶â€ðŸŒ«ï¸,bagus banget,Positif,Negatif
Duolingo,5,gara-gara aplikasi ini aku bisa bahasa cina dengan mudah lop deh buat yang buat aplikasi nya,garagara aplikasi bahasa cina mudah lop aplikasi,Positif,Negatif
Duolingo,5,bagus pelajarannya alhamdulillah bisa kebantu banget dengan duolingo,bagus ajar alhamdulillah bantu banget,Positif,Negatif
Duolingo,4,sangat bagus sekali tapi sayangnya game ini online aku jadi tidak bisa bermain aplikasi belajar seru ini jika sedang offline ðŸ˜“ðŸ˜“ðŸ˜“,bagus sayang game online main aplikasi ajar seru offline,Positif,Negatif
Duolingo,5,gem ini seru mudah-mudahan lagih jawabannya dan aku suka dengan gem ini,game seru mudahmudahan lagih jawab suka game,Positif,Negatif
Duolingo,5,"woww , terimakasih telah membantuku dalam bahasa Inggris, jadi di sekolah ku aku dapat nilai seratus dari guru ku ! bagus banget , selain buat belajar bias jadi permainan",woww terimakasih bantu bahasa inggris sekolah nilai ratus guru bagus banget ajar bias main,Positif,Negatif
Duolingo,5,sangat bagus buat belajar bahasa china,bagus ajar bahasa china,Positif,Negatif
Duolingo,5,bisa membantu untuk belajar,bantu ajar,Positif,Negatif
Duolingo,5,sangat bagus sangat bermanfaat,bagus manfaat,Positif,Negatif
Duolingo,4,berguna banget buat belajar anak agar bisa belajar bahasa,guna banget ajar anak ajar bahasa,Positif,Negatif
Duolingo,5,makasih ya duolingo saya jadi lancar belajar inggris jadi usaha saya gak pernah berubah termakasih duolingo mantapppðŸ‘ðŸ‘ðŸ‘ðŸ‘,makasih lancar ajar inggris usaha ubah termakasih mantappp,Positif,Negatif
Duolingo,5,sangat cocok untuk belajar bahasa lain,cocok ajar bahasa,Positif,Negatif
Duolingo,5,sangat bagus,bagus,Positif,Negatif
Duolingo,5,karna duolingo aku jadi bisa bahasa Jepang ðŸ˜»ðŸ˜»ðŸ˜»,bahasa jepang,Positif,Positif
Duolingo,5,sangat bagus plikasi nya,bagus plikasinya,Positif,Negatif
Duolingo,5,sangat bagus dan sangat membantu untuk belajar bahasa lainnya,bagus bantu ajar bahasa,Positif,Negatif
Duolingo,5,bagus banget GG gaming banget 3 gaming uchiha,bagus banget gaming banget gaming uchiha,Positif,Negatif
Duolingo,5,bagus banget,bagus banget,Positif,Negatif
Duolingo,4,lumayan bagus sangat membantu,lumayan bagus bantu,Positif,Negatif
Duolingo,5,sangat bagus,bagus,Positif,Negatif
Duolingo,5,"menurut saya apk duolingo ini bagus,juga kosakatanya di ulangÂ² jadi mudah untuk menghafal..pokoknya debest bgt ðŸ‘ðŸ¥³ðŸ˜",aplikasi bagus kosakata ulang mudah hafal pokok debest banget,Positif,Negatif
Duolingo,5,aku sangat suka aplikasinya terimakasih ya udah dibuat,suka aplikasi terimakasih,Negatif,Negatif
Duolingo,5,bagus bisa buat anak anak belajar bahasa Inggris,bagus anak anak ajar bahasa inggris,Positif,Negatif
Duolingo,5,Duolingo membuat ak jad bisa bahasa Inggris Duolingo hebat,jad bahasa inggris hebat,Positif,Negatif
Duolingo,5,apk ini sangat bagus sekali kalian juga harus download ini,aplikasi bagus download,Positif,Negatif
Duolingo,5,media pembelajaran bahasa yang menyenagkan,media ajar bahasa menyenagkan,Positif,Negatif
Duolingo,5,seru belajar bahasa inggris mudah,seru ajar bahasa inggris mudah,Positif,Negatif
Duolingo,4,"bagus banget buat belajar bahasa luarðŸ˜ suka bgt,cuma energinya boros bgt,mau beli yg super tapi gaada uang,jadi harus nunggu beberapa jam dulu deh,tapi bagus kok,aku suka.",bagus banget ajar bahasa luar suka banget energi boros banget beli super gaada uang nunggu jam bagus suka,Positif,Negatif
Duolingo,5,keren,keren,Positif,Positif
Duolingo,5,bagus,bagus,Positif,Negatif
Duolingo,5,"gamsahabnida, akhirnya bisa belajar hangul gratis",gamsahabnida ajar hangul gratis,Negatif,Negatif
Duolingo,5,terbaik ðŸ‘ðŸ’¯,baik,Negatif,Positif
Duolingo,4,pembelajaran nya seru tapi karena saya sumbing jadi susah buat rekam audio nya,ajar seru sumbing susah rekam audio,Positif,Negatif
Duolingo,5,bagus banget buat pemula and yang mau melancarkan bahasa nya,bagus banget mula and lancar bahasa,Positif,Negatif
Duolingo,5,bisa saya belajar Inggris sangat yang terbaik menurut aku,ajar inggris baik,Positif,Positif
Duolingo,5,karna ini ak bisa bahasa Inggris ðŸ˜†ðŸ˜†,bahasa inggris,Positif,Positif
Duolingo,5,menyenangkan seru banget aku suka belajar di sini,senang seru banget suka ajar,Positif,Negatif
Duolingo,5,bagus banget,bagus banget,Positif,Negatif
Duolingo,5,saya jadi semngat belajar nyaa,semngat ajar nyaa,Negatif,Negatif
Duolingo,5,sangat membantu,bantu,Positif,Negatif
Duolingo,5,"ga nyangka dengan aplikasi ini bisa lepas dari game online, ditambah cara belajarnya seru, jadi asyik sendiri kalo udah pake aplikasi ini. thank you duolingo!",nyangka aplikasi lepas game online tambah ajar seru asik kalo pakai aplikasi thank you,Negatif,Positif
Duolingo,5,mantap,mantap,Negatif,Positif
Duolingo,5,Sangat menyenangkan edukatif,senang edukatif,Negatif,Positif
Duolingo,5,asli seru namge,asli seru namge,Positif,Negatif
Duolingo,5,"seru dan tidak susah sama sekali, pasti anak anak yang belajar disini akan suka",seru susah anak anak ajar suka,Positif,Negatif
Duolingo,5,bagus bangat aplikasi nyaaaaa,bagus bangat aplikasi nyaaaaa,Positif,Negatif
Duolingo,5,"Sangat membantu orang tolol seperti saya, sehingga bisa berbahasa inggris",bantu orang tolol bahasa inggris,Positif,Negatif
Duolingo,5,aplikasinya bagus banget GK ada yg ngebug cuyy kalian wajib download ini cuyy jadi aku kasih reting bintang ðŸŒŸ 5,aplikasi bagus banget ngebug cuyy wajib download cuyy kasih reting bintang,Positif,Negatif
Duolingo,4,lumayan lah bisa cepet ingat tapi kalau tapi jangan banyakin premium yah kaya apk edit sebelahðŸ—¿,lumayan cepat banyakin premium kaya aplikasi edit belah,Negatif,Negatif
Duolingo,5,sangant menyenangkan,sangant senang,Negatif,Positif
Duolingo,5,suka banget tiba-tiba jadi suka beljar bahasa Inggris setelah kenal aplikasi ini,suka banget tibatiba suka beljar bahasa inggris kenal aplikasi,Positif,Negatif
Duolingo,5,"asyik banget..soalnya banyak ngasah indra kita,ada storynya,ya pokoknya seru deh",asik banget ngasah indra storynya pokok seru,Positif,Negatif
Duolingo,5,KEREN,keren,Positif,Positif
Duolingo,5,mantap,mantap,Negatif,Positif
Duolingo,4,game yang sangat penting,game,Negatif,Positif
Duolingo,5,"seru bangettt, aku jadi bisa sedikitnya bahasa koreaa",seru banget bahasa koreaa,Positif,Negatif
Duolingo,1,bagus bangetðŸ‘ðŸ»ðŸ‘ðŸ»ðŸ‘ðŸ»ðŸ‘ðŸ»ðŸ‘ðŸ»ðŸ‘ðŸ»ðŸ‘ðŸ»ðŸ‘ðŸ»ðŸ‘ðŸ»ðŸ‘ðŸ»ðŸ‘ðŸ»,bagus banget,Positif,Negatif
Duolingo,5,BAGUSSS,bagus,Positif,Negatif
Duolingo,5,aplikasi bagus mudah dipelajari,aplikasi bagus mudah ajar,Positif,Negatif
Duolingo,5,good aplikation,bagus aplikation,Positif,Negatif
Duolingo,5,sangat membantu penambahan untuk bahasa Inggris ku selain di sekolah.,bantu tambah bahasa inggris sekolah,Positif,Negatif
Duolingo,5,pelajaran ini membuat saya menjadi pintar,ajar pintar,Positif,Positif
Duolingo,5,"menurut saya ini sangat mendukung anak-anak untuk belajar terutama saya yang masi ditahap belajar,cara bacanya bagus,ga sepele gtu,dan mudah buat dipelajari ayo catat,dan pelajari berbagai bahasa!!! tapi tolong kurang-kurangin kaya lgbt di aplikasinya,saya tidak nyamanðŸ¥°",dukung anakanak ajar mas tahap ajar baca bagus sepele gtu mudah ajar ayo catat ajar bahasa tolong kurangkurangin kaya lgbt aplikasi nyaman,Positif,Negatif
Duolingo,5,Pake ni apk bisa langsung belajar bahasa apapun,pakai aplikasi langsung ajar bahasa,Negatif,Negatif
Duolingo,5,so nice bro,bagus bro,Positif,Negatif
Duolingo,5,"bagus dan mudah belajar bahasa Inggris,Terima kasih",bagus mudah ajar bahasa inggris terima kasih,Positif,Negatif
Duolingo,5,gamenya sangat seru sekali,gamenya seru,Positif,Negatif
Duolingo,5,karna bisa untuk belajar juga,ajar,Positif,Positif
Duolingo,5,menyenangkan,senang,Negatif,Positif
Duolingo,5,ganenya bagus banget,gamenya bagus banget,Positif,Negatif
Duolingo,5,sangat bagus dan mendidik untu anak anak atau orang yang mau belajar bahasa dari kata yang paling mudah di ingat dan di mengerti,bagus didik untu anak anak orang ajar bahasa mudah erti,Positif,Negatif
Duolingo,5,aplikasi yang bagus cocok untuk pemula dan bisa dipakai dimana saja perfect,aplikasi bagus cocok mula pakai mana perfect,Positif,Positif
Duolingo,5,bagus buat blajar,bagus blajar,Positif,Negatif
Duolingo,5,meningkatkan bahasa Inggris ku,tingkat bahasa inggris,Positif,Positif
Duolingo,5,bagus,bagus,Positif,Negatif
Duolingo,5,ini sangatÂ² membantu saya untuk belajar b.inggris,sangat bantu ajar binggris,Positif,Negatif
Duolingo,5,seruu,seru,Positif,Positif
Duolingo,5,sangat menyenangkan belajar di sini,senang ajar,Positif,Positif
Duolingo,5,amazingðŸ˜€,amazing,Negatif,Positif
Duolingo,5,bagus sekali,bagus,Positif,Negatif
Duolingo,5,bisa belajar lancar menggunakan bahasa Inggris,ajar lancar bahasa inggris,Positif,Negatif
Duolingo,5,bagus banget bikin happy dan juga pintar,bagus banget bikin happy pintar,Positif,Negatif
Duolingo,5,ini memang seru,seru,Positif,Positif
Duolingo,5,aplikasi yang bagusðŸ˜,aplikasi bagus,Positif,Negatif
Duolingo,5,seru,seru,Positif,Positif
Duolingo,4,seru juga sih tapi harus luangin waktu soalnya kegiatan aku padat,seru luangin giat padat,Positif,Positif
Duolingo,5,seru dan membantu serta mudah dipahami,seru bantu mudah paham,Positif,Negatif
Duolingo,5,sangat membantu,bantu,Positif,Negatif
Duolingo,5,sangat bagus untuk belajar bahasa-bahasa yang berada di dunia,bagus ajar bahasabahasa dunia,Positif,Negatif
Duolingo,4,sangat bagus gem nya dan bisa meningkatkan bahasa Inggris,bagus game tingkat bahasa inggris,Positif,Negatif
Duolingo,5,sangat cocok untuk belajar,cocok ajar,Negatif,Negatif
Duolingo,5,bahasa Inggris saya sudah mulai lancar,bahasa inggris lancar,Positif,Positif
Duolingo,5,mks ya udh buat ini aku jadi bisa belajar dan rangking 1 di sekolah makasih yang udah buat ini ya sekali lagi terima kasih ya udah buat aku jadi pintar dulu kalo gak ada kamu aku gak bisa jawab ujian dan lain-lain makasih ya yang buat ini aku mau mengucapkan sampai universitas kamu masih ada ya soalnya kalau kamu gak ada aku jadi bodoh kalao gak kamu soalnya aku masih sd semoga ya buat ini baik-baik ya murah rezeki dan semoga game kamu ini sukses ya maks semua udah baca chat aku bye semua dadahÂ°,mks ajar rangking sekolah makasih terima kasih pintar kalo uji lainlain makasih universitas bodoh kalao moga baikbaik murah rezeki moga game sukses maks baca chat bye dadah,Negatif,Negatif
Duolingo,5,niceee,bagus,Positif,Negatif
Duolingo,5,bagus untuk yang suka dan mau belajar bahasa inggris,bagus suka ajar bahasa inggris,Positif,Negatif
Duolingo,4,sangat membantu,bantu,Positif,Negatif
Duolingo,5,bagus banget bisa nih buat belajar bahasa dikit dikit,bagus banget ajar bahasa dikit dikit,Positif,Negatif
Duolingo,5,bagus,bagus,Positif,Negatif
Duolingo,5,okeeee,okeeee,Negatif,Positif
Duolingo,5,seruu plis,seru plis,Positif,Positif
Duolingo,5,bgus banget pokoknya mah,bgus banget pokok mah,Positif,Negatif
Duolingo,5,bagus kata aku,bagus,Positif,Negatif
Duolingo,5,"Aplikasi nya bagus dan berguna untuk belajar bahasa tapi, setiap saat pasti ada pertanyaan yang sama yang membuat saya bosan dengan pertanyaan yang sama",aplikasi bagus guna ajar bahasa bosan,Positif,Negatif
Duolingo,5,terimakasih telah menjadi gru les samping an sy,terimakasih gru les samping,Negatif,Negatif
Duolingo,5,mantap,mantap,Negatif,Positif
Duolingo,4,nice,bagus,Positif,Negatif
Duolingo,5,"sangat bagus, cocok untuk belajar bagi pemula",bagus cocok ajar mula,Positif,Negatif
Duolingo,5,"NI APK PERFECT BANGET, berkat apk ini saya bisa belajar bahasa inggris dgn cepat dan mudah dipahami ga ngebosenin samsekk, jgnn ragu download gaiss. kalo banyak iklan ya wajar dongg soalnya apk ini gratis kalo gamau iklan premium sana.",aplikasi perfect banget berkat aplikasi ajar bahasa inggris cepat mudah paham ngebosenin samsekk jgnn ragu download gaiss kalo iklan wajar dongg aplikasi gratis kalo gamau iklan premium,Negatif,Negatif
Duolingo,5,"keren banget saya suka, terimaksi telah membuat aplikasi seperti ini. ini sangat membantu vocabulary saya",keren banget suka terimaksi aplikasi bantu vocabulary,Positif,Negatif
Duolingo,4,duolingo hebat berbahasa inggris,hebat bahasa inggris,Positif,Negatif
Duolingo,5,membantu buat belajar... terbaiiik laah,bantu ajar terbaiiik laah,Positif,Negatif
Duolingo,5,bermanfaat!!,manfaat,Negatif,Negatif
Duolingo,5,keren,keren,Positif,Positif
Duolingo,5,"BAGUSS BANGETT,,,,, SEMANGAT DUOLINGO",bagus banget semangat,Positif,Negatif
Duolingo,5,Seru banget aku bisa mengetahui bahasa Indonesia nyaðŸ˜†ðŸ™Œ,seru banget bahasa indonesia,Positif,Positif
Duolingo,5,Duolingo membantu pelajaran menjadi mudah dan seru sekali dan Duolingo bisa untuk belajar dan bermain jadi seru untuk pemula terimakasih Duolingo,bantu ajar mudah seru ajar main seru mula terimakasih,Positif,Negatif
Duolingo,5,lumayan bantu,lumayan bantu,Positif,Negatif
Duolingo,5,mantap,mantap,Negatif,Positif
Duolingo,5,"Bagus,Terus Soalnya Itu Juga Lumayan Menantang ðŸ˜ðŸ‘",bagus lumayan tantang,Positif,Positif
Duolingo,5,bagus sekali saya bisa belajar bahasa Inggris dengan baik,bagus ajar bahasa inggris,Positif,Negatif
Duolingo,4,"ya seru bisa belajar dengan mudah, tetapi jika energi habis dan tidak punya diamond yg biru harus beli",seru ajar mudah energi habis diamond biru beli,Positif,Negatif
Duolingo,5,sangat baik dalam mengajar juga mudah dipahami,ajar mudah paham,Positif,Negatif
Duolingo,5,sangat di rekomendasi ðŸ‘,rekomendasi,Negatif,Positif
Duolingo,5,Bagus,bagus,Positif,Negatif
Duolingo,5,ini sangat keren namun aku tidak memakai nya sering mungkin duo kau bisa lebih menarik lagi mungkin,keren pakai duo kau tarik,Positif,Positif
Duolingo,5,seru dan menyenangkan dan bisa lebih lancar baca bahasa inggris dan nggak ngebosenin pokoknya bagus banget terimakasih aku udah bisa baca bahasa inggris ðŸ«¶ðŸ¤ðŸ’žðŸ¤ðŸ’žðŸ¤ðŸ’žðŸ™ðŸ™,seru senang lancar baca bahasa inggris ngebosenin pokok bagus banget terimakasih baca bahasa inggris,Positif,Negatif
Duolingo,5,perfect,perfect,Negatif,Positif
Duolingo,4,"kata katanya gampang gampang,coba dinaikkan level kesulitan kata kata biar kita bisa eksplor berbagai kata dan verb,karena itu yang terpenting",gampang gampang coba naik level sulit biar eksplor verb penting,Negatif,Negatif
Duolingo,5,"terimakasih karena telah membantu saya dalam mempelajari bahasa Inggris, love youuu Duolingo â¤â¤â¤",terimakasih bantu ajar bahasa inggris love youuu,Positif,Positif
Duolingo,5,pelajaran sangat mmbantu bagi pemula,ajar bantu mula,Positif,Negatif
Duolingo,5,pelajarannya mudah dimengerti bagus dan seru!,ajar mudah erti bagus seru,Positif,Negatif
Duolingo,5,sangat membantukuuu sangat berguna â­â­â­â­â­,bantu guna,Positif,Negatif
Duolingo,5,memuaskan aplikasi ini,muas aplikasi,Negatif,Negatif
Duolingo,5,bagus banget,bagus banget,Positif,Negatif
Duolingo,5,Overall Good,overall bagus,Positif,Negatif
Duolingo,5,Belajar bahasa jadi lebih asyik,ajar bahasa asik,Positif,Positif
Duolingo,5,"aplikasi nya lumayan lah buat ngisi waktu kosong, dan buat ngembang in level bahasa kita bisa banget pke nih aplikasi",aplikasi lumayan ngisi kosong ngembang level bahasa banget pke aplikasi,Positif,Negatif
Duolingo,5,aku suka aplikasi ini untuk belajar bahasa negara lain dan aplikasinya bagus bisa di download di hp dengan ram kecil untuk pembuat duolingo terimakasih telah membuat aplikasi berguna iniðŸ˜ŠðŸ˜ŠðŸ˜ŠðŸ™ðŸ™ðŸ™ðŸ˜ðŸ˜ðŸ‘,suka aplikasi ajar bahasa negara aplikasi bagus download ram buat terimakasih aplikasi guna ini,Positif,Negatif
Duolingo,5,bagus aku sukai itu,bagus suka,Positif,Negatif
Duolingo,5,kereeeeeennnnn!!!!,kereeeeeennnnn,Negatif,Negatif
Duolingo,5,"aplikasi bagus bisa untuk belajar belajar bahasa asing dan menulis, ok segitu ajaðŸ‘ŒðŸ¤©",aplikasi bagus ajar ajar bahasa asing tulis oke segitu aja,Positif,Negatif
Duolingo,5,seru bangettt. Walaupun energi sempet habis tapi nanti lagi main lagiii. Seruuuu bangettttttttttt,seru banget energi sempet habis main lagiii seru bangettttttttttt,Positif,Negatif
Duolingo,5,Terimakasih duolingo,terimakasih,Negatif,Positif
Duolingo,5,"bagus aplikasi nya, sangat menyenangkan",bagus aplikasi senang,Positif,Negatif
Duolingo,5,sangat membantu,bantu,Positif,Negatif
Duolingo,5,ini sangat membantu saya dalam belajar bahasa inggris. saya menjadi bisa mejawab ketika pelajaran bahasa inggris walaupun belum terlalu lancar.,bantu ajar bahasa inggris mejawab ajar bahasa inggris lancar,Positif,Negatif
Duolingo,5,absolutely amazing,absolutely amazing,Negatif,Positif
Duolingo,5,"BAGUS BANGET, aku jadi tau banyak bahasa disiniiðŸ¤ðŸ¤ worth it yaa",bagus banget tau bahasa sini worth,Positif,Positif
Duolingo,5,bagus kita bisa belajar bahasa bahasa lain bermanfaat ðŸ˜ðŸ˜,bagus ajar bahasa bahasa manfaat,Positif,Negatif
Duolingo,4,Sangat Oke buat belajar bahasa dengan versi game,oke ajar bahasa versi game,Positif,Negatif
Duolingo,5,"aplikasi ini bisa untung pelajar yang ingin mempelajari segala bahasa, saya menyukainya",aplikasi untung ajar ajar bahasa suka,Positif,Negatif
Duolingo,5,sangat bagus bisa bermain dan belajar,bagus main ajar,Positif,Negatif
Duolingo,5,sangat menarik,tarik,Negatif,Positif
Duolingo,4,aplikasi yg bermanfaat,aplikasi manfaat,Positif,Negatif
Duolingo,5,bagus,bagus,Positif,Negatif
Duolingo,5,wow sangat seru,wow seru,Positif,Positif
Duolingo,5,"bagusan bangetttt, kadang kalo belajar b.inggris dan matematika cepat paham, pokoknyaaa baguuss dann seruu dehh",bagus bangetttt kadang kalo ajar binggris matematika cepat paham pokoknyaaa baguuss dann seru dehh,Positif,Negatif
Duolingo,5,bagus bangett bisa buat belajar,bagus banget ajar,Positif,Negatif
Duolingo,5,aku jadi pintar karena ini,pintar,Negatif,Positif
Duolingo,5,"saya bisa bahasa Mandarin, karena duolingo",bahasa mandarin,Positif,Positif
Duolingo,5,good apk,bagus aplikasi,Positif,Negatif
Duolingo,5,sangat bagus,bagus,Positif,Negatif
Duolingo,5,Sangat mudah,mudah,Positif,Negatif
Duolingo,5,"makasih lho ya udah nemenin belajar, udah gitu pas aku lagi ga minat belajar dia nyemangatin terus jadinya kan ak terharu+jadi semangat bekajarrrrðŸ¥²makasih yahhhhâ¤",makasih lho nemenin ajar gitu sesuai minat ajar nyemangatin terharujadi semangat bekajarrrr makasih yahhhh,Negatif,Negatif
Duolingo,5,bikin aku pinterr,bikin pinterr,Positif,Positif
Duolingo,5,aplikasi yang seru untuk belajar bahasa Inggris,aplikasi seru ajar bahasa inggris,Positif,Negatif
Duolingo,5,keren,keren,Positif,Positif
Duolingo,5,menurut saya aplikasi ini saat cocok buat belajar bahasa dan cepat buat di hafal,aplikasi cocok ajar bahasa cepat hafal,Positif,Negatif
Busuu,5,good,bagus,Positif,Negatif
Busuu,3,"secara umum bagus, disini kita bisa belajar Grammar bahasa Perancis. hanya saja kurang dari 20â„… mata pelajaran yg free, sdh ngga bisa di lanjutkan lagi. terimakasih",bagus ajar grammar bahasa perancis mata ajar free sdh lanjut terimakasih,Positif,Negatif
Busuu,5,"mantap ini, app bagus buat belajar",mantap aplikasi bagus ajar,Positif,Negatif
Busuu,5,bagus untuk belajar bahasa asing,bagus ajar bahasa asing,Positif,Negatif
Busuu,5,membantu,bantu,Positif,Negatif
Busuu,5,bintang ðŸŒŸðŸŒŸðŸŒŸðŸŒŸðŸŒŸ deh pokoknya,bintang pokok,Negatif,Positif
Busuu,4,great,great,Negatif,Positif
Busuu,5,mantapp,mantapp,Negatif,Positif
Busuu,5,Mantaps,mantaps,Negatif,Positif
Busuu,5,keren,keren,Positif,Positif
Busuu,5,BAGUS BGT GA BOONG,bagus banget boong,Positif,Negatif
Busuu,4,asik geratissanya,asik gratis,Negatif,Positif
Busuu,4,Sangat bagus,bagus,Positif,Negatif
Busuu,5,bagus buat pemula,bagus mula,Positif,Negatif
Busuu,5,NICE!,bagus,Positif,Negatif
Busuu,5,saya senang bergabung,senang gabung,Negatif,Positif
Busuu,5,"Worth it banget, aplikasi nya bagus buat pemula",worth banget aplikasi bagus mula,Positif,Negatif
Busuu,5,good ðŸ’¯,bagus,Positif,Negatif
Busuu,5,"Mudah diikuti, penjelasannya simpel to the point.",mudah ikut jelas simpel the point,Positif,Negatif
Busuu,4,Bagus,bagus,Positif,Negatif
Busuu,5,bagus,bagus,Positif,Negatif
Busuu,5,aplikasinya bagus banget,aplikasi bagus banget,Positif,Negatif
Busuu,5,suka banget ni dgn apliksi,suka banget apliksi,Positif,Positif
Busuu,5,mantep,mantep,Negatif,Positif
Busuu,4,"ga dapet pengetian,cuma kadang ngeti dikit,overall soo gooddd",dapet keti kadang ngeti dikit overall soo bagus,Positif,Negatif
Busuu,5,apk yaang bermanfaat dan seruu poll wajibb downloadd sihhðŸ‘ðŸ»ðŸ‘ðŸ»ðŸ˜˜,aplikasi yaang manfaat seru poll wajibb downloadd sihh,Positif,Negatif
Busuu,5,"bagus sii, mantap lah buat pelajar ðŸ¤ŒðŸ¼",bagus sii mantap ajar,Positif,Negatif
Busuu,5,SUMPAHH BAGUS BANGET,sumpahh bagus banget,Positif,Negatif
Busuu,5,baik bagus sekali,bagus,Positif,Negatif
Busuu,5,menyenangkan,senang,Negatif,Positif
Busuu,4,membantu saya dalam belajar bahasa asing. thank you so much.,bantu ajar bahasa asing thank you much,Positif,Positif
Busuu,5,aplikasi yang berguna banget cik,aplikasi guna banget cik,Positif,Negatif
Busuu,5,bagussss!,bagus,Positif,Negatif
Busuu,5,sangat membantu penyesuaian kalimatðŸ‘,bantu penyesuaian kalimat,Negatif,Negatif
Busuu,5,really helpfull,really helpfull,Negatif,Positif
Busuu,3,kebanyakan iklan?! bisa di ingin gak? ðŸ™,banyak iklan,Negatif,Positif
Busuu,5,lop lop dahh,lop lop dahh,Negatif,Negatif
Busuu,5,"ini aplikasi bagus banget, dibarengin sama duolingo atau memrise makin mantep dah gw lagi belajar bahasa spanyol dan udah mulai bisa ngertiÂ² percakapan sederhana sedikit Â²",aplikasi bagus banget dibarengin memrise mantep ajar bahasa spanyol ngerti cakap sederhana,Positif,Negatif
Busuu,5,baguss,bagus,Positif,Negatif
Busuu,5,Mantab puooll,mantab puooll,Negatif,Negatif
Busuu,5,nice,bagus,Positif,Negatif
Busuu,5,super,super,Negatif,Positif
Busuu,5,suka banget sama busuu,suka banget,Positif,Positif
Busuu,5,so fun,fun,Negatif,Positif
Busuu,5,bagus,bagus,Positif,Negatif
Busuu,5,Nice,bagus,Positif,Negatif
Busuu,5,saya jadi mulai lancar terimakasih ya,lancar terimakasih,Negatif,Negatif
Busuu,5,love itðŸ”¥ðŸ”¥ðŸ”¥ðŸ˜,love,Negatif,Positif
Busuu,5,baguss sukaa bangeettt,bagus suka banget,Positif,Negatif
Busuu,5,mantap bosku anjay mabarðŸ˜‹,mantap bos anjay mabar,Negatif,Positif
Busuu,3,lumayan,lumayan,Negatif,Positif
Busuu,5,kerenn,keren,Positif,Positif
Busuu,5,sangat seru,seru,Positif,Positif
Busuu,5,Bagussss,bagus,Positif,Negatif
Busuu,5,sangat bagus sekali aplikasi ini. sangat recomend,bagus aplikasi recomend,Positif,Negatif
Busuu,4,bagus aplikasinya,bagus aplikasi,Positif,Negatif
Busuu,5,seru,seru,Positif,Positif
Busuu,5,"bagussss bgt aseli, cocok yang udah hapal hirakana, trs mau di benerin kosakata, dari perkenalan, dll, cocok bgt buat yg lagi belajar nihonggo!",bagus banget aseli cocok hapal hirakana trs benerin kosakata kenal dll cocok banget ajar nihonggo,Positif,Negatif
Busuu,5,kerennn,kerennn,Negatif,Positif
Busuu,5,sangat bagus aku suka,bagus suka,Positif,Negatif
Busuu,5,Sangat membantu...,bantu,Positif,Negatif
Busuu,5,"Jika bisa di tambahkan mempelajari bahasa Thailand, Vietnam, India dan Yunani sebagai bahasa sering masuk populer maka saya berterimakasih ðŸ˜ðŸ˜ðŸ˜ðŸ˜",tambah ajar bahasa thailand vietnam india yunani bahasa masuk populer berterimakasih,Positif,Negatif
Busuu,5,good,bagus,Positif,Negatif
Busuu,5,cocok untuk pemula walaw versi yang gratisan banyak iklannya,cocok mula walaw versi gratis iklan,Negatif,Negatif
Busuu,5,bagussss,bagus,Positif,Negatif
Busuu,5,luar biasaðŸ˜,biasa,Negatif,Negatif
Busuu,5,aplikasinya keren,aplikasi keren,Positif,Positif
Busuu,5,bagus sekali untuk pemula,bagus mula,Positif,Negatif
Busuu,5,aplikasi yg bagus,aplikasi bagus,Positif,Negatif
Busuu,5,great app,great aplikasi,Negatif,Positif
Busuu,5,saya sangat suka dengan aplikasi ini,suka aplikasi,Positif,Positif
Busuu,5,sejauh ini lumayan mudah dimengerti,lumayan mudah erti,Positif,Negatif
Busuu,5,KERENNNN,keren,Positif,Positif
Busuu,4,Bagus banget aku belajar bahasa jepang dan inggris makin meningkat hanya ada beberapa kekurangan yaitu tidak ada kamus dan huruf yang harus dikenali,bagus banget ajar bahasa jepang inggris tingkat kurang kamus huruf nali,Positif,Negatif
Busuu,5,aplikasi bagus,aplikasi bagus,Positif,Negatif
Busuu,5,"sangat membantu, jelas dan detail dalam mengajari",bantu detail ajar,Positif,Negatif
Busuu,5,bagus apalagi buat pemula,bagus mula,Positif,Negatif
Busuu,5,bagus banget âœ¨âœ¨âœ¨âœ¨âœ¨,bagus banget,Positif,Negatif
Busuu,5,bagus,bagus,Positif,Negatif
Busuu,5,sangat membantu!,bantu,Positif,Negatif
Busuu,5,baik,,Negatif,Positif
Busuu,5,I Love Busuu,love,Negatif,Positif
Busuu,5,cocok untuk belajar bahasa asing ðŸ—¿,cocok ajar bahasa asing,Positif,Negatif
Busuu,5,keren,keren,Positif,Positif
Busuu,5,mantap kereeenn,mantap kereeenn,Negatif,Positif
Busuu,5,aplikasi ini sangat bagus,aplikasi bagus,Positif,Negatif
Busuu,4,"seru, semoga bisa lanjut tanpa premium",seru moga premium,Negatif,Positif
Busuu,5,"waoooowww, sangat memudahkan bagi pecinta bahasa",waoooowww mudah cinta bahasa,Positif,Negatif
Busuu,5,gooddd,bagus,Positif,Negatif
Busuu,5,ok,oke,Negatif,Positif
Busuu,5,keren! membantu saya belajar untuk pemula ...,keren bantu ajar mula,Positif,Negatif
Busuu,5,good,bagus,Positif,Negatif
Busuu,4,menyenangkan,senang,Negatif,Positif
Busuu,5,nice applikasi,bagus applikasi,Positif,Negatif
Busuu,5,"kerennn, bisa belajar bahasa dengan mudah",kerennn ajar bahasa mudah,Positif,Negatif
Busuu,5,bagus buat pemula seperti gw yg bermimpi buat tinggal dan kuliah dan kerja dijepang,bagus mula mimpi tinggal kuliah kerja dijepang,Positif,Negatif
Busuu,5,"aplikasinya bagus banget, cepet paham, dan aku juga suka banget belajar di sini, cocok buat pemula yang mau belajar dan cepat hapal nya",aplikasi bagus banget cepat paham suka banget ajar cocok mula ajar cepat hapal,Positif,Negatif
Busuu,5,"sangat membantu ku dalam mengenal bahasa asing, pembelajarannya menarik dan tidak monoton.",bantu kenal bahasa asing ajar tarik monoton,Positif,Negatif
Busuu,4,asik belajar dengan busu,asik ajar,Negatif,Positif
Busuu,5,bagus dan cocok untuk meninggalkan kemampuannya bahasa asing,bagus cocok tinggal mampu bahasa asing,Positif,Negatif
Busuu,5,pembelajaran dengan video lebih efektif,ajar video efektif,Negatif,Negatif
Busuu,5,good,bagus,Positif,Negatif
Busuu,5,minta tolong harganya untuk berlangganan kalangan menengah kebawah,tolong harga langgan kalang tengah bawah,Negatif,Negatif
Busuu,5,baguss,bagus,Positif,Negatif
Busuu,5,good,bagus,Positif,Negatif
Busuu,5,good,bagus,Positif,Negatif
Busuu,5,sangat berguna,guna,Positif,Negatif
Busuu,5,Aplikasi hebat,aplikasi hebat,Negatif,Positif
Busuu,5,Mantap,mantap,Negatif,Positif
Busuu,5,Alhamdulillah dapat banyak ilmu Syukron,alhamdulillah ilmu syukron,Negatif,Positif
Busuu,4,bagus,bagus,Positif,Negatif
Busuu,5,cukup bagus buat pemula,bagus mula,Positif,Negatif
Busuu,5,"ini adalah aplikasi belajar yang saya cari cari selama ini, membantu pemula seperti saya untuk memahami kosakata dan cara menyusun kalimat serta situasi dalam mengunakan kalimat percakapan.",aplikasi ajar cari cari bantu mula paham kosakata susun kalimat situasi mengunakan kalimat cakap,Negatif,Negatif
Busuu,5,cocok buat pemula belajar bahasa,cocok mula ajar bahasa,Positif,Negatif
Busuu,5,bagus,bagus,Positif,Negatif
Busuu,5,"Aplikasi yang sangat membantu saya dalam belajar Bahasa Jepang, terima kasih banyak ðŸ¥ºðŸ«¶ðŸ»",aplikasi bantu ajar bahasa jepang terima kasih,Positif,Negatif
Busuu,5,very good,very bagus,Positif,Negatif
Busuu,5,its very good,its very bagus,Positif,Negatif
Busuu,5,bagus banget ðŸ‘,bagus banget,Positif,Negatif
Busuu,5,bagus banget membantu banget buat belajar bahasa Inggris apalagi bahasa Inggris itu pelajaran favoritku dan juga menurutku penting banget,bagus banget bantu banget ajar bahasa inggris bahasa inggris ajar favorit turut banget,Positif,Negatif
Busuu,4,saya cukup menarik,tarik,Negatif,Positif
Busuu,5,mudah di mengerti,mudah erti,Positif,Negatif
Busuu,5,menarik,tarik,Negatif,Positif
Busuu,5,helpful,helpful,Negatif,Positif
Busuu,5,sangat cocok untuk pemula yang mau belajar. Joss bintang ðŸŒŸðŸŒŸðŸŒŸðŸŒŸðŸŒŸ pokoknya ðŸ˜†,cocok mula ajar joss bintang pokok,Positif,Negatif
Busuu,4,lumayan,lumayan,Negatif,Positif
Busuu,5,"bgssss bgttt ccok buat km yg pemulaaa dn gaada basic bhs jerman, seruu jgaaa kalimatnyaa jelass",bgssss banget ccok pemulaaa gaada basic bahasa jerman seru jgaaa kalimatnyaa jelass,Positif,Negatif
Busuu,5,"keren, sangat membantu dalam mempelajari bahasa inggris",keren bantu ajar bahasa inggris,Positif,Negatif
Busuu,5,"aplikasinya bagus untuk pemula belajar bahasa asing, good job ðŸ‘",aplikasi bagus mula ajar bahasa asing bagus job,Positif,Negatif
Busuu,5,sangat membantu,bantu,Positif,Negatif
Busuu,5,sangat membantu saya dalam memahami bahasa Inggris,bantu paham bahasa inggris,Positif,Negatif
Busuu,5,sangat membantu dalam mempelajari ilmu bahasa inggris!!!,bantu ajar ilmu bahasa inggris,Positif,Negatif
Busuu,5,so good,bagus,Positif,Negatif
Busuu,5,ini cocok buat pemula,cocok mula,Negatif,Negatif
Busuu,5,aplikasi yang bagusðŸ‘ðŸ¤©,aplikasi bagus,Positif,Negatif
Busuu,5,ok,oke,Negatif,Positif
Busuu,5,"sejauh ini bagus banget, apalagi ada penjelasan yang gampang dimengerti disetiap terjemahan nya",bagus banget jelas gampang erti tiap terjemah,Positif,Negatif
Busuu,4,sangat bermanfaat,manfaat,Negatif,Negatif
Busuu,5,Mudah dipahami dan menyenangkan untuk belajar bahasa disini,mudah paham senang ajar bahasa,Positif,Negatif
Busuu,5,aplikasi bagus,aplikasi bagus,Positif,Negatif
Busuu,5,mantap broo...benar membantu.,mantap broo bantu,Positif,Negatif
Busuu,3,"ini aplikasi cocok banget buat pemulaðŸ˜­ðŸ’“ kalo bisa, plis cepet cepet tambahin versi belajar bahasa HindiðŸ¤§ app favðŸ¥‚",aplikasi cocok banget mula kalo plis cepat cepat tambahin versi ajar bahasa hindi aplikasi fav,Positif,Negatif
Busuu,5,"ini yang saya cari selama ini. sejauh ini, inilah aplikasi belajar bahasa yang paling lengkap ðŸ‘",cari aplikasi ajar bahasa lengkap,Positif,Negatif
Busuu,5,"memang bagus banget sih aplikasi ini ada orang juga yang menjelaskan cara bicara bahasa nya , memang bagus parah si ini gratis tapi dah kayak gitu apalagi biasanya ada iklan kan di aplikasi ini kayak ga ada gitu, mantap, mantap ðŸ‘ðŸ»ðŸ‘ðŸ»ðŸ‘ðŸ»ðŸ‘ðŸ»ðŸ‘ðŸ»ðŸ‘ðŸ»",bagus banget aplikasi orang bicara bahasa bagus parah gratis kayak gitu iklan aplikasi kayak gitu mantap mantap,Positif,Negatif
Busuu,4,sangat bagus,bagus,Positif,Negatif
Busuu,5,apk nya baguss sekaliðŸ˜,aplikasi bagus sekali,Positif,Negatif
Busuu,5,bguss sngkt membantuðŸ¥°ðŸ¥°,bagus sangat bantu,Positif,Negatif
Busuu,5,aplikasinya bagus banget recommended,aplikasi bagus banget recommended,Positif,Positif
Busuu,5,sangat baik bisa mengajarkan anak anak mengasah pikiran bahasa bahasa jepang,ajar anak anak asah pikir bahasa bahasa jepang,Positif,Negatif
Busuu,5,aplikasi yang sangat membantu untuk mulai belajar bahasa Inggris,aplikasi bantu ajar bahasa inggris,Positif,Negatif
Busuu,5,bagusðŸ‘,bagus,Positif,Negatif
Busuu,5,keren,keren,Positif,Positif
Busuu,5,sangat terbantu dan mudah,bantu mudah,Positif,Negatif
Busuu,5,"cintaaa bgtðŸ«¶ðŸ» mudah dipelajari, mudah diingat juga...ðŸ˜",cintaaa bangat mudah ajar mudah,Positif,Negatif
Busuu,5,sangat baik membantu sekali bagi yg ingin belajar tentang bahasa,bantu ajar bahasa,Positif,Negatif
Busuu,5,bagus,bagus,Positif,Negatif
Busuu,5,Good,bagus,Positif,Negatif
Busuu,5,apk perfect,aplikasi perfect,Negatif,Positif
Busuu,5,enak buat belajar bahasa,enak ajar bahasa,Positif,Positif
Busuu,5,so niceðŸ‘ðŸ‘,nice,Negatif,Positif
Busuu,5,KERENNNNNNNNðŸ¤©ðŸ¤©,keren,Positif,Positif
Busuu,5,"aplikasi nya ngebantu bgt buat belajar bahasa asing, udh nyoba beberapa aplikasi lain tapi cmn busuu yg paling ngaruhðŸ’—",aplikasi ngebantu banget ajar bahasa asing nyoba aplikasi cmn ngaruh,Positif,Negatif
Busuu,5,Cocok saat lagi gabut ðŸ—¿ðŸ‘ðŸ½,cocok gabut,Negatif,Negatif
Busuu,5,sangat membantu,bantu,Positif,Negatif
Busuu,5,bagus,bagus,Positif,Negatif
Busuu,5,good job,bagus job,Positif,Negatif
Busuu,5,very good,very bagus,Positif,Negatif
Busuu,5,apknya bagus buat baget ni,aplikasi bagus baget,Positif,Negatif
Busuu,5,good,bagus,Positif,Negatif
Busuu,5,keren buat melatih diri bagi pemula,keren latih mula,Positif,Negatif
Busuu,5,good,bagus,Positif,Negatif
Busuu,5,Aplikasi yang bagus dan bermanfaat,aplikasi bagus manfaat,Positif,Negatif
Busuu,5,"bagus bangetttt, di ajarin step by step buat aku cpet faham, thanks a lot Busuu",bagus bangetttt ajarin step step cpet faham thanks lot,Positif,Positif
Busuu,5,"mantap, sangat membantu dalam belajar bahasa inggris..",mantap bantu ajar bahasa inggris,Positif,Negatif
Busuu,5,good,bagus,Positif,Negatif
Busuu,5,aplikasi ini bagus sekali. saya menyarankan anda untuk menggunakan aplikasi ini untuk belajar bahasa yang ingin anda kuasai dan cukup banyak bahasa untuk di pelajari. tapi tolong di fitur pertukaran bahasa tolong tambahkan bahasa Indonesia agar mempermudah saya dalam belajar bahasa lain.,aplikasi bagus saran aplikasi ajar bahasa kuasa bahasa ajar tolong fitur tukar bahasa tolong tambah bahasa indonesia mudah ajar bahasa,Positif,Negatif
Busuu,5,"oke, aplikasi nya bagus, setiap kita abis jawab soal, nanti dia kasi penjelasan, penjelasan nya nggk panjang singkat, padat, jelas, buat kita jadi mudah paham",oke aplikasi bagus abis kasi jelas jelas nggk singkat padat mudah paham,Positif,Negatif
Busuu,5,good,bagus,Positif,Negatif
Busuu,5,"apk yg sangat bagus untuk belajar bahasa inggris,menurut ku ini saran yg sangan bagus bagi orang yg ingin mempelajari bahasa inggris",aplikasi bagus ajar bahasa inggris saran sangan bagus orang ajar bahasa inggris,Positif,Negatif
Busuu,5,sangat menenagkan,menenagkan,Negatif,Positif
Busuu,5,good,bagus,Positif,Negatif
Busuu,4,good,bagus,Positif,Negatif
Busuu,5,mantaap,mantaap,Negatif,Positif
Busuu,5,baguss aplikasinya,bagus aplikasi,Positif,Negatif
Busuu,5,good,bagus,Positif,Negatif
Busuu,5,SANGAT BAGUSSSSS,bagus,Positif,Negatif
Busuu,3,sangat membantu,bantu,Positif,Negatif
Busuu,5,bagus banget,bagus banget,Positif,Negatif
Busuu,5,"mantap sekali, senang bisa belajar",mantap senang ajar,Positif,Positif
Busuu,5,"mudah mengerti kosa kata pengucapan dan penulisan dilatih top bgt, tapi tolong yg pake gratisan tetap didukungðŸ’ª kualitas ny masih sma y.. .. , semangat busuu ðŸ’ªðŸ’ª",mudah erti kosa ucap tulis latih top banget tolong pakai gratis dukung kualitas sma semangat,Negatif,Negatif
Busuu,5,fantastic,fantastic,Negatif,Positif
Busuu,5,beda dari yang lain ðŸ’“,beda,Negatif,Negatif
Busuu,5,"bagus, mudah diikuti",bagus mudah ikut,Positif,Negatif
Busuu,4,okelah,oke,Negatif,Positif
Busuu,5,simple dan mudah dipahami,simple mudah paham,Positif,Negatif
Busuu,5,good,bagus,Positif,Negatif
Busuu,5,good,bagus,Positif,Negatif
Busuu,5,bagus bangett aplikasi membantu dan kek mudah aja masuk ke otaknya mana kek desain dari aplikasi nya simple and ngaa terlalu banyak iklan atau kek warna mencolok gitu jadi in bagus bangt makasih buat developer yng udh nyiptain aplikasi sebagus ini,bagus banget aplikasi bantu mudah masuk otak desain aplikasi simple and ngaa iklan warna colok gitu bagus bangt makasih developer yng nyiptain aplikasi bagus,Positif,Negatif
Busuu,5,sangat bagus untuk dipelajari,bagus ajar,Positif,Negatif
Busuu,5,"sejauh ini, busuu aplikasi belajar bahasa asing terbaik yang pernah aku coba ðŸ‘ðŸ‘ materinya terstruktur jadi pembelajarannya lebih mudah masuk ke otak. sayangnya list bahasanya masih terbatas ya. semoga kedepannya nambah bahasa asing lain. soalnya aku mau belajar bahasa hindi juga tapi karena ga ada jadi aku mau fokusin di Jepang dan Spanyol dulu. sukses selalu busuu ðŸ’ªðŸ’—",aplikasi ajar bahasa asing baik coba materi struktur ajar mudah masuk otak sayang list bahasa batas moga depan nambah bahasa asing ajar bahasa hindi fokusin jepang spanyol sukses,Positif,Negatif
Busuu,5,sangat bagus dan bisa membuat saya lebih mengerti karena ada penjelasan setelah kosakata,bagus erti jelas kosakata,Positif,Negatif
Busuu,5,berkat ini aku bisa bahasa Inggris,berkat bahasa inggris,Positif,Negatif
Busuu,5,aaaa kenapa baru tau ada aplikasi buat belajar bahasa sebagus ini,aaaa tau aplikasi ajar bahasa bagus,Positif,Negatif
Busuu,5,baguss,bagus,Positif,Negatif
Busuu,5,"bagus pokoknya, recomend",bagus pokok recomend,Positif,Negatif
Busuu,5,good apk,bagus aplikasi,Positif,Negatif
Busuu,5,sangat cocok buat pemula,cocok mula,Negatif,Negatif
Busuu,5,very good,very bagus,Positif,Negatif
Busuu,5,bagus banget buat belajar bahasa jepang permula ðŸ˜»,bagus banget ajar bahasa jepang mula,Positif,Negatif
Busuu,5,bagus bagi anda yg ingin bisa bljr apapun terutama inggris,bagus ajar inggris,Positif,Negatif
Busuu,5,sangat membantu dan ðŸ‘,bantu,Positif,Negatif
Busuu,5,bagus ðŸ‘ðŸ˜Š,bagus,Positif,Negatif
Busuu,5,bagus semoga aku bisa bahasa inggris aminnðŸ¤²ðŸ¤²,bagus moga bahasa inggris aminn,Positif,Positif
Busuu,5,"bagus banget,suka banget sama busuu ini dia ngajarin sesuai tingkatan dan kemampuan dan gratis juga, pokoknya bagus banget deh",bagus banget suka banget ngajarin sesuai tingkat mampu gratis pokok bagus banget,Positif,Negatif
Busuu,4,aplikasi ini sangat membantu sy dalam belajar bhs inggris,aplikasi bantu ajar bahasa inggris,Positif,Negatif
Busuu,5,"seruu pelajarannyaa, loveee deh",seru pelajarannyaa loveee,Positif,Positif
Busuu,5,"interesting, very helpful",interesting very helpful,Negatif,Positif
Busuu,4,"cara belajarnya menyenangkan, penjelasannya juga mudah dipahami",ajar senang jelas mudah paham,Positif,Negatif
Busuu,5,"japan nya gampang di pahami (â â‰§â â–½â â‰¦â )ðŸ’–ðŸ’–, apk ini ga cuma ngajarin kosa kata, tapi kalimat jugaa (â âœ¯â á´—â âœ¯â ) 100/100 buat aplikasi ini ðŸŒŸðŸŒŸðŸŒŸðŸ’–ðŸ’–ðŸ’–.",japan gampang paham aplikasi ngajarin kosa kalimat jugaa aplikasi,Negatif,Negatif
Busuu,5,mudah di mengerti keren,mudah erti keren,Positif,Negatif
Busuu,4,sangat membantu,bantu,Positif,Negatif
Busuu,5,"bermanfaat dan sangat step by step, tapi beberapa terkadang sulit diakses",manfaat step step terkadang sulit akses,Negatif,Negatif
Busuu,5,"sangat membantu dalam belajar bahasa asing. banyak bahasa yang dapat dipelajari. Materinya sangat jelas dan mudah dipahami, bahkan teks kita bisa dikoreksi oleh native langsung . kereen",bantu ajar bahasa asing bahasa ajar materi mudah paham teks koreksi native langsung kereen,Positif,Negatif
Busuu,5,bagusss bagusss,bagus bagus,Positif,Negatif
Busuu,4,aplikasi nya bagus banget walaupun gak bisa akses semua karena belum nyoba paket premium TPI bagus,aplikasi bagus banget akses nyoba paket premium bagus,Positif,Negatif
Busuu,5,bagus,bagus,Positif,Negatif
Busuu,5,bgus kalo kita jwb suka ada penjelasan nya. Recommended,bgus kalo jwb suka jelas recommended,Negatif,Positif
Busuu,5,sngt berguna,sngt guna,Positif,Negatif
Busuu,5,sangat bagus ada beberapa metode yang gak ada di aplikasi lain seperti contoh lewat video bahkan dari penutur lokal langsung dari bahasa yang dipelajari dan gak cuma itu ada penjelasan detail tentang dari kata tertentu seperti kata ini digunakan dalam situasi atau waktu tertentu.walaupun ada beberapa minus yaitu pelajaran nya itu sekali belajar jadi kalo belajar disini antara diulang sendiri atau pelajaran dicatat di buku sendiri.,bagus metode aplikasi contoh video tutur lokal langsung bahasa ajar jelas detail situasi tertentuwalaupun minus ajar ajar kalo ajar ulang ajar catat buku,Positif,Negatif
Busuu,5,sangat membatu,batu,Negatif,Positif
Busuu,5,aplikasi busu sangat bermanfaat,aplikasi manfaat,Positif,Negatif
Busuu,5,bagus banget aplikasi busuu ini rekomend banget buat kalian yang sedang belajar bahasa asing,bagus banget aplikasi rekomend banget ajar bahasa asing,Positif,Negatif
Busuu,5,mantap sekali,mantap,Negatif,Positif
Busuu,5,mantap jaya sangat membantu,mantap jaya bantu,Positif,Negatif
Busuu,5,Good APK,bagus aplikasi,Positif,Negatif
Busuu,5,"Aplikasinya oke banget sih, apalagi buat yang belajar bahasa dari nol pake aplikasi ini ngebantu banget",aplikasi oke banget ajar bahasa nol pakai aplikasi ngebantu banget,Positif,Negatif
Busuu,5,sangat bagus,bagus,Positif,Negatif
Busuu,5,"bagus bangett, ngebantu aku belajar bahasa inggris dari awalðŸ¥ºðŸ¤",bagus banget ngebantu ajar bahasa inggris awal,Positif,Negatif
Busuu,5,sangat membantu untuk menambah kata pelapalan b.inggris,bantu tambah pelapalan binggris,Positif,Negatif
Busuu,5,mantap,mantap,Negatif,Positif
Busuu,5,good,bagus,Positif,Negatif
Busuu,5,"Day 1 belajar Inggris, lebih bagus dari aplikasi hijau, soalnya bukan kalimat acak, jdi lebih mudah untuk mengingat âœ¨ðŸ¤",day ajar inggris bagus aplikasi hijau kalimat acak mudah,Positif,Negatif
Busuu,5,"sangat menyenangkan belajar di aplikasi ini, nanya saja berbayar:(",senang ajar aplikasi nanya bayar,Negatif,Negatif
Busuu,5,"bagus banget belajarnya, seru mana pake contoh Vidio / gambar",bagus banget ajar seru pakai contoh vidio gambar,Positif,Negatif
Busuu,5,bagusss,bagus,Positif,Negatif
Busuu,5,good Apps,bagus aplikasi,Positif,Negatif
Busuu,5,membantu banget untuk pemula,bantu banget mula,Positif,Negatif
Busuu,5,mantap....,mantap,Negatif,Positif
Busuu,5,good,bagus,Positif,Negatif
Busuu,5,"KENAPA GUE BARU TAU APLIKASI SEBAGUS INIII KENAPAA GA DARI DULUUU, SEMOGA MASUK SURGA YANG BUAT NI APKKKKKK ðŸ˜–â¤ï¸â¤ï¸â¤ï¸â¤ï¸â¤ï¸â¤ï¸â¤ï¸â¤ï¸â¤ï¸",tau aplikasi bagus iniii kenapaa duluuu moga masuk surga apkkkkkk,Negatif,Negatif
Busuu,5,bagus bagus bang ðŸ˜Ž,bagus bagus bang,Positif,Negatif
Busuu,5,good apk,bagus aplikasi,Positif,Negatif
Busuu,5,membantun,bantun,Negatif,Negatif
Busuu,5,Akhirnya nemu aplikasi belajar bahasa asing yang lengkap dan detail isinya. Buat harga premiumnya juga murah banget. Recommended banget asli!,nemu aplikasi ajar bahasa asing lengkap detail isi harga premium murah banget recommended banget asli,Positif,Negatif
Busuu,5,Aplikasi yang sangat menarik,aplikasi tarik,Negatif,Positif
Busuu,5,sangat bagus,bagus,Positif,Negatif
Busuu,5,membantu,bantu,Positif,Negatif
Busuu,5,bagus banget sih menurut aku karena lebih akurat aja gituðŸ‘ðŸ‘ðŸ‘ðŸ‘,bagus banget akurat gitu,Positif,Negatif
Busuu,5,kalau serius pasti ada bisa,serius,Negatif,Negatif
Busuu,5,Okay membantu,okay bantu,Positif,Positif
Busuu,5,tingkat kan yang geratis,tingkat gratis,Negatif,Positif
Busuu,5,"saya sangat terbantu dengan aplikasi ini untuk belajar berbagai bahasa asing. aplikasi ini memuat materi dngan cara yang sangat mudah di mengerti. teman"" jika ingin belajar bahasa asing dengan lebih efisien di rekomendasikan untuk mendownload aplikasi iniðŸ”¥ðŸ”¥ðŸ’¯",bantu aplikasi ajar bahasa asing aplikasi muat materi dngan mudah erti teman ajar bahasa asing efisien rekomendasi mendownload aplikasi ini,Positif,Negatif
Busuu,4,"aplikasi ini sangat bermanfaat sekali bagi saya yang saat ini sedang belajar bahasa asing. dengan dilengkapi materi yang terstruktur dan fitur vn, membuat saya lebih paham akan bahasa yang saya pelajari. namun sayangnya, ada fitur yang saya rasa perlu diperbaiki yaitu fitur komunitas. padahal sinyal saya lancar dan stabil, tapi mengapa di fitur tersebut menyatakan jika koneksi saya tidak stabil?",aplikasi manfaat ajar bahasa asing lengkap materi struktur fitur paham bahasa ajar sayang fitur baik fitur komunitas sinyal lancar stabil fitur koneksi stabil,Negatif,Negatif
Busuu,4,ya mantap,mantap,Negatif,Positif
Busuu,5,"bgs bgt untuk pemula,, hihii",bagus banget mula hihii,Positif,Negatif
Busuu,5,mantappðŸ‘,mantapp,Negatif,Positif
Busuu,5,"belajar di aplikasi ini sangat mudah dimengerti dan sangat membantu bagi pemula, ga ngebosenin pokonya! selamat belajar teman teman",ajar aplikasi mudah erti bantu mula ngebosenin poko selamat ajar teman teman,Positif,Negatif
Busuu,5,Bukan sekedar memberikan jawaban benar tapi selalu di sertakan alasannya. sangat rekomended,dar serta alas rekomended,Negatif,Positif
Busuu,5,keren,keren,Positif,Positif
Busuu,5,apk gacor bener2 bagus buat belajar bahasa,aplikasi gacor bener2 bagus ajar bahasa,Positif,Negatif
Busuu,5,bagus untuk pemula,bagus mula,Positif,Negatif
Busuu,5,good,bagus,Positif,Negatif
Busuu,4,bagus si tapi harus premium,bagus premium,Positif,Negatif
HelloTalk,5,sangat bagus,bagus,Positif,Negatif
HelloTalk,5,bagus,bagus,Positif,Negatif
HelloTalk,5,Aplikasinya sangat bagus dan membantu untuk belajar bahasa inggris.tapi pas login kok akun google anda tidak bisa di sambung padahal saya sudah login beberapa waktu lalu saya mohon pihak helloTalk memperbaiki kesalahannya segera,aplikasi bagus bantu ajar bahasa inggristapi sesuai login akun google sambung login mohon baik salah,Negatif,Negatif
HelloTalk,3,sebenarnya ini aplikasi bagus cumaa kenapa aku sdah lama tapi ko ga ada satu pun yang mau berteman dengan ku? bahkan postingan ku sudah 2 bulan ku post tapi sama sekali tidak ada yang like.,aplikasi bagus cumaa sdah teman postingan post like,Negatif,Negatif
HelloTalk,5,aku main ini tapi ega seruh tapi aku puna teman jadi aku kasi bintan lima ðŸ˜,main ega seruh puna teman kasi bintan,Negatif,Negatif
HelloTalk,4,"apk nya ini bagus banget sih,sedikit mau cerita aku kan hapus akun,trs bikin lagi,tapi kenapa ga ada satu orang pun yang mengunjungi akun aku gitu",aplikasi bagus banget cerita hapus akun trs bikin orang unjung akun gitu,Negatif,Negatif
HelloTalk,5,hello talk ini sangat seru dan kita bisa berteman di sosial media,hello talk seru teman sosial media,Positif,Positif
HelloTalk,1,saya pengguna baru ketika saya mau masang profil untuk login selalu ada tulisan gagal dan ga bisa login gara gara itu,guna masang profil login tulis gagal login gara gara,Negatif,Negatif
HelloTalk,5,Aaaaa dapat teman China gak tuh,aaaaa teman china tuh,Positif,Negatif
HelloTalk,5,Nice aplications,bagus aplications,Positif,Negatif
HelloTalk,5,bagus sie apk ini membantu bngt buat kita yg mau belajar bhasa asing,bagus sie aplikasi bantu banget ajar bhasa asing,Positif,Negatif
HelloTalk,5,Coba dlu spa tau bagus,coba dlu spa tau bagus,Positif,Negatif
HelloTalk,5,aplikasi nya bagus bnget seneng dehh,aplikasi bagus bnget neng dehh,Positif,Negatif
HelloTalk,2,"aplikasinya lumayan untuk belajar bahasa asing , dan berkenalan dengan teman teman di berbagai negara. hanya saja menurutku VIP nya terlalu mahal",aplikasi lumayan ajar bahasa asing nal teman teman negara turut vip mahal,Negatif,Negatif
HelloTalk,5,"bagus banget sumpah,jadi seneng punya temen luar negri",bagus banget sumpah neng temen negeri,Positif,Negatif
HelloTalk,3,susah untuk di download dengan notifikasi penyimpanan habis padahal penyimpanan masuk penuh aneh sekali,susah download notifikasi simpan habis simpan masuk penuh aneh,Negatif,Negatif
HelloTalk,5,bagus buat yg mau belajar bhs Mandarin atau lain sebagainya,bagus ajar bahasa mandarin,Positif,Negatif
HelloTalk,5,senang kalo bisa,senang kalo,Negatif,Positif
HelloTalk,4,"menurutku ini bagus,bisa belajar bahasa asing dan juga punya teman dari negara manapun,sumpah ini menurutku bagus tapi ada bug nya sedikit tapi ya gapapa lah masih oke",turut bagus ajar bahasa asing teman negara mana sumpah turut bagus bug gapapa oke,Positif,Negatif
HelloTalk,5,Membantu dalam belajar. Tapi kendala mode VIP masih expensive....,bantu ajar kendala mode vip expensive,Negatif,Negatif
HelloTalk,3,"Aplikasinya suka ngeleg, tiba"" keluar sendiri, ngilang sendiri lg ngobrol sm temen di voice room",aplikasi suka ngeleg ngilang obrol temen voice room,Negatif,Negatif
HelloTalk,5,Seruuu sumpah ini aplikasi banyak temen dari luar negeri pun banyak bisa belajar bahasa juga sama mereka the best dehhðŸ‘ðŸ‘,seru sumpah aplikasi temen negeri ajar bahasa the best dehh,Positif,Positif
HelloTalk,5,good,bagus,Positif,Negatif
HelloTalk,5,"Bagus banget. Gw bisa punya temen luar negeri, dari China dan Inggris, pokoknya bagus deh!!",bagus banget temen negeri china inggris pokok bagus,Positif,Negatif
HelloTalk,5,Aplikasi ini bagus tapii terjemahan nya harus di bayar ðŸ˜’,aplikasi bagus tapi terjemah bayar,Negatif,Negatif
HelloTalk,5,Sangat bagus,bagus,Positif,Negatif
HelloTalk,5,Mahal sekali,mahal,Negatif,Positif
HelloTalk,1,Aplikasi ini sangat jelek dan tidak jelas! masa akun saya tiba tiba-tiba ke banned padahal saya tidak melakukan kesalahan seperti rasisme dan pelecehan seksual,aplikasi jelek akun tibatiba banned salah rasisme leceh seksual,Negatif,Negatif
HelloTalk,1,Gw udah apus akun gw biar bisa di pulihkan malah kaga bisa kan gjls,hapus akun biar pulih kaga gjls,Negatif,Negatif
HelloTalk,5,baguss bngttt,bagus banget,Positif,Negatif
HelloTalk,4,"udah bagus, cuma kurang fitur untuk tambah akun. Karena kadang akun saya error dan tidak bisa ganti akun kecuali akun yang sebelumnya di hapus, semoga bisa tambah fitur ini yaa, selebihnya udah bagus banget!",bagus fitur akun kadang akun error ganti akun kecuali akun hapus moga fitur lebih bagus banget,Negatif,Negatif
HelloTalk,4,boleh lah buat di dowlod,dowlod,Negatif,Negatif
