app_name,rating,review,preprocessed_text,Label
Duolingo,5,duolingo mengajariku bahasa Jepang sekarang aku sudah paham bahasa Jepang ðŸ˜€ðŸ˜€ðŸ˜€ðŸ˜€ðŸ˜€,ajar bahasa jepang paham bahasa jepang,Positif
Duolingo,5,"bagus,bisa untuk belajarr",bagus ajar,Positif
Duolingo,5,"sangat melatih, aplikasinya juga bagus",latih aplikasi bagus,Positif
Duolingo,5,sangat seru terasa bermain tapi menambah ilmu aku sukaaaaa bangettt!!,seru main tambah ilmu suka banget,Positif
Duolingo,5,cara mudah belajar bahasa sangat mantap,mudah ajar bahasa mantap,Positif
Duolingo,5,sangat bagus,bagus,Positif
Duolingo,5,"Behh asli buat yang masih pemula atau udh pro wajib download ini, sangat membantu ini, klau bisa tambahkan Mabar sama teman",behh asli mula pro wajib download bantu tambah mabar teman,Positif
Duolingo,5,"karena lebih mudah untuk belajar bahasa terutama bahasa inggris dan juga Duolingo menyenangkan,seru,asik,menambah ilmu berbahasa kepada orang di luar negeri mau pun di asia,maupu di eropa",mudah ajar bahasa bahasa inggris senang seru asik tambah ilmu bahasa orang negeri asia maupu eropa,Positif
Duolingo,5,"aplikasi bagus buat belajar bahasa, terutama bahasa Inggris, rekomendasi buat kalian kaum mager nih wkwkkw",aplikasi bagus ajar bahasa bahasa inggris rekomendasi kaum mager wkwkkw,Positif
Duolingo,5,bagus bangettt aplikasi nya dan ada kata kata gramer juga soalnya saya butuh. belajar kata kata dan gramer dan melatih motorik jugaðŸ‘,bagus banget aplikasi gramer butuh ajar gramer latih motorik juga,Positif
Duolingo,5,MEMBANTU MELANCARKAN BAHASA INGGRIS BAGI PEMULA AKU SUKA APLIKASI INIðŸ¥°ðŸ¥°ðŸ¥°ðŸ¥°ðŸ¥°ðŸ¥°ðŸ¥°ðŸ¥°ðŸ¥°ðŸ¥°,bantu lancar bahasa inggris mula suka aplikasi ini,Positif
Duolingo,5,"apk nya bisa buat belajar berbagai bhs, saya suka belajar bahasa inggris, jepang, korea, dan chinaðŸ¤­",aplikasi ajar bahasa suka ajar bahasa inggris jepang korea china,Positif
Duolingo,5,kerenn sekali,keren,Positif
Duolingo,5,bagus,bagus,Positif
Duolingo,5,sangat membantu saya dalam belajar bahasa Inggris,bantu ajar bahasa inggris,Positif
Duolingo,5,sangat seru untuk belajar sambil bermainâ˜ºï¸,seru ajar main,Positif
Duolingo,5,membantu belajar inggris,bantu ajar inggris,Positif
Duolingo,5,mantap bagus banget untuk belajar,mantap bagus banget ajar,Positif
Duolingo,4,"mudah dimengerti, harus berlangganan",mudah erti langgan,Positif
Duolingo,4,ini bagus untuk belajar,bagus ajar,Positif
Duolingo,5,"berkat apk ini saya bisa belajar bahasa inggris dengan gampang,,mkss duolingo lovee youu",berkat aplikasi ajar bahasa inggris gampang makasih lovee youu,Positif
Duolingo,5,bagus bangett pinter lama lama yang main,bagus banget pintar main,Positif
Duolingo,5,"pelajaranya ga bikin bosen, pokoknya seru deh makanya aku kasih rating 5",pelajaranya bikin bosen pokok seru kasih rating,Positif
Duolingo,5,suka banget,suka banget,Positif
Duolingo,5,bagusss bangett untuk pemulaa,bagus banget pemulaa,Positif
Duolingo,5,aplikasinya sesuai sama kebutuhan pokoknya the best dehh ðŸ˜ðŸ˜,aplikasi sesuai butuh pokok the best dehh,Positif
Duolingo,5,"saya sangat senang rasanya tidak menyesal karena aplikasi ini sangat lah bermanfaat,dari yang awalnya tidak tahu arti nya cara baca nya sekarang sudah bisa semuanya , terimakasih duolingo saya jadi semangat belajar bahasa asing intinya terimakasih sebanyak banyak nya",senang sesal aplikasi manfaat baca terimakasih semangat ajar bahasa asing inti terimakasih banyak,Positif
Duolingo,4,sangat berguna,guna,Positif
Duolingo,5,"apk nih bagus banget untuk orang yang baru belajar bahasa,dan ini tersedia bahasa apapun itu,aku baru 3 hari belajar bahasa inggris tapi udah banya banget vocabulary yang aku tau, pokoknya bagus banget dew sukaaaa ðŸ˜ðŸ«°ðŸ»",aplikasi bagus banget orang ajar bahasa sedia bahasa ajar bahasa inggris banget vocabulary tau pokok bagus banget dew sukaaaa,Positif
Duolingo,5,bisa membuat ku belajar jadi cepat dan mudah paham,ajar cepat mudah paham,Positif
Duolingo,5,game ini sangat membantu saya untuk belajar bahasa inggris saya menemukan kata yang baru saya merekomendasikan game ini untuk yang mau belajar bahasa Inggris,game bantu ajar bahasa inggris temu rekomendasi game ajar bahasa inggris,Positif
Duolingo,5,berguna. is really easy,guna really easy,Positif
Busuu,5,"cocok buat pemula yang ingin belajar bahasa Inggris, mudah di pahami Rekomendasi banget",cocok mula ajar bahasa inggris mudah paham rekomendasi banget,Positif
Busuu,5,sangat bagus aplikasi nya,bagus aplikasi,Positif
Busuu,5,aplikasi ini sangat berguna apalagi saya pelajar ingin sekali bahasa Jepang ðŸ‘ðŸ‘ðŸ‘,aplikasi guna ajar bahasa jepang,Positif
Busuu,5,aplikasinya kren,aplikasi keren,Positif
Busuu,5,keren buanget,keren banget,Positif
Busuu,5,saya bisa mempelajari bahasa Inggris lebih dalam.,ajar bahasa inggris,Positif
Busuu,5,sangat bagus untuk di pelajari,bagus ajar,Positif
Busuu,5,mantapp.. saya sangat suka,mantapp suka,Positif
Busuu,5,lumayan ngisi waktu luang,lumayan ngisi luang,Positif
Busuu,5,"Aplikasi ini sangat bagus untuk kita belajar berbagai bahasa dan cara penyebutannya,jujur seneng banget pas ketemu aplikasi ini karna aku bisa lanjutin mimpi aku buat belajar bahasa jepang sampai bisa, makasih buat developer nyaðŸ’",aplikasi bagus ajar bahasa sebut jujur neng banget sesuai ketemu aplikasi lanjutin mimpi ajar bahasa jepang makasih developer,Positif
Busuu,5,aplikasi nya bagus buat belajar bahasa yang mau dipelajari,aplikasi bagus ajar bahasa ajar,Positif
Busuu,4,sangat membantu dan di samping itu lengkap dengan penjelasannya,bantu samping lengkap jelas,Positif
Busuu,5,"Baguss bgt dripada apk sebelahhh, penjelasannya mudah dipahami juga!!â¤ï¸ðŸ‘Œ",bagus banget dripada aplikasi sebelah jelas mudah paham,Positif
Busuu,5,it's so good ia membuatku bisa bahasa inggris,bagus buat bahasa inggris,Positif
Busuu,5,"kerennnnn, 3S , santay, simpel, suka.",keren santai simpel suka,Positif
Busuu,5,apk nya bagus banget,aplikasi bagus banget,Positif
Busuu,5,untuk learning nya udh bagus bnget. setiap pelajarannya sangat fantastis.,learning bagus bnget ajar fantastis,Positif
Busuu,5,sangat membantu untuk belajar bahasa Inggris dengan baik dan mudah di pahami. terimakasih,bantu ajar bahasa inggris mudah paham terimakasih,Positif
Busuu,4,bagus bgt ini jadi bisa belajar bahasa Jepang ðŸ¤©,bagus banget ajar bahasa jepang,Positif
Busuu,5,menarik wajib coba sih buat pemula,tarik wajib coba mula,Positif
Busuu,5,"jujur ini lebih bagus dari duolingo, ada penjelasan dan ada beberapa fitur yang di sediakan oleh duolingo yang ada di sini, yang membuat saya bisa beradaptasi dan betah menggunakan aplikasi ini. dan yang lebih penting tidak ada propaganda LGBT ðŸ˜„",jujur bagus jelas fitur sedia adaptasi betah aplikasi propaganda lgbt,Positif
Busuu,5,"ini aplikasi benar benar membantu buat orang yang ingin mempelajari bahasa asing, kek gw contohnya lagi belajar bahasa rusia, disini selain disuruh menjawab layaknya quiz lu juga bakal dijelasin kata kata itu digunainnya pas kapan, pokoknya rekomen banget nih apk, dari pada apk burung ijo yang lu cuma di ajarin cara ngomong ""aku minum susu""",aplikasi bantu orang ajar bahasa asing contoh ajar bahasa rusia suruh layak quiz dijelasin digunainnya sesuai pokok rekomen banget aplikasi aplikasi burung ijo ajarin ngomong minum susu,Positif
Busuu,5,bagusss bangett!!!! senang banget tau ada aplikasi yang bagus banget buat belajar bahasa Inggris,bagus banget senang banget tau aplikasi bagus banget ajar bahasa inggris,Positif
Busuu,5,keren gua bisa belajar bahasa Perancis,keren ajar bahasa perancis,Positif
Busuu,5,Aplikasi sangat menyenangkan dan mempermudah belajar bahasa â¤ï¸â¤ï¸â¤ï¸,aplikasi senang mudah ajar bahasa,Positif
Busuu,5,baguss bgt sgtÂ² membantuuðŸ¤©ðŸ«¶ðŸ»ðŸ«¶ðŸ»,bagus banget sangat bantu,Positif
Busuu,5,sangat membantu buat pemula kaya saya,bantu mula kaya,Positif
Busuu,5,"bagus banget, kalo awal kita di kasih tau level bahasa inggris kita bagaimana mana pemula kah atau sudah ngerti dikit maka nanti materinya sesuai dengan level yg kita bisa dan ada penjelasan nya juga rekomendasi banget",bagus banget kalo kasih tau level bahasa inggris mula kah erti dikit materi sesuai level jelas rekomendasi banget,Positif
Busuu,5,"bagus,cuma ada yg harus bayar, worth it sih iya.",bagus bayar worth iya,Positif
Busuu,5,menurutku aplikasi ini sangat bagus dan bermanfaat dan membantu untuk siapa saja yang ingin belajar bakor khususnya latihan berbicara dan menulis..,turut aplikasi bagus manfaat bantu ajar bakor latih bicara tulis,Positif
Busuu,5,ini membuatnya lebih mudah dipahami,buat mudah paham,Positif
Busuu,5,"Aplikasi ini bagus menurut saya, karena kita belajar setiap hari namun dengan waktu singkat jadi anda bisa belajar dimana pun dan kapan pun tanpa perlu belajar terlalu lama yang menyebabkan susah konsisten. Bentuk pembelajaran menarik dengan penjelasan setiap kita menjawab soal test. Terima kasih dan Tetap Semangat!",aplikasi bagus ajar singkat ajar mana ajar sebab susah konsisten bentuk ajar tarik jelas test terima kasih semangat,Positif
Busuu,5,"wort it sih ini aplikasi nyaa, lu bayangin aja 12 bulan member itu cuman bayar 30rb doang apa yang gak untungnya ni aplikasi coba, pokoknya the best dahh â˜ðŸ»â˜ðŸ»",wort aplikasi nyaa bayangin member bayar 30rb doang untung aplikasi coba pokok the best dahh,Positif
HelloTalk,5,seru banget jadi banyak temen dari luar negri senengg bangett,seru banget temen negeri senengg banget,Positif
HelloTalk,4,"Aplikasinya lumayan bagus, dari sini saya bisa mendapatkan teman online ðŸ¤­ðŸ¤­",aplikasi lumayan bagus teman online,Positif
HelloTalk,5,Sangat bagus aplikasi ini. Bahkan saya sudah bertemu dengan orang nya secara langsung,bagus aplikasi temu orang langsung,Positif
HelloTalk,5,Saya sangat senang karena saya bisa ngobrol sama orang asing sambil belajar bahasa yang saya mau belajar,senang obrol orang asing ajar bahasa ajar,Positif
HelloTalk,5,"Bagus banget. Gw bisa punya temen luar negeri, dari China dan Inggris, pokoknya bagus deh!!",bagus banget temen negeri china inggris pokok bagus,Positif
HelloTalk,5,Seruuu sumpah ini aplikasi banyak temen dari luar negeri pun banyak bisa belajar bahasa juga sama mereka the best dehhðŸ‘ðŸ‘,seru sumpah aplikasi temen negeri ajar bahasa the best dehh,Positif
HelloTalk,5,Mudah di pahami dan flexible,mudah paham flexible,Positif
HelloTalk,5,bagus membantu pembelajaran,bagus bantu ajar,Positif
HelloTalk,5,"Sangat bagus, saya mendapat teman luar negeri begitu cepat!",bagus teman negeri cepat,Positif
HelloTalk,5,seru banget bisa mengobrol bersama teman di berbagai negara,seru banget obrol teman negara,Positif
HelloTalk,5,bagus,bagus,Positif
HelloTalk,5,Sangat bagus aku mendapat banyak teman,bagus teman,Positif
HelloTalk,5,Sangat memuaskan dengan berbagai informasi,muas informasi,Positif
HelloTalk,5,aplikasinya sangat keren,aplikasi keren,Positif
HelloTalk,4,enak nyari temen belajar,enak cari temen ajar,Positif
HelloTalk,5,bagus banget aplikasinya saya suka banget hello talk,bagus banget aplikasi suka banget hello talk,Positif
HelloTalk,5,saya bisa bicara bersama org org luar nengri,bicara orang orang nengri,Positif
HelloTalk,5,Dapet temen Jepang baikðŸ˜­âœ¨,dapet temen jepang baik,Positif
HelloTalk,5,apk ini sangat bagus saya bisa mendapatkan teman asing,aplikasi bagus teman asing,Positif
HelloTalk,5,singkat padat jelas bintang 5,singkat padat bintang,Positif
HelloTalk,5,seru Nemu orang luar,seru nemu orang,Positif
HelloTalk,5,Bahasa Jepang ke upgrade karena apk ini keren,bahasa jepang upgrade aplikasi keren,Positif
HelloTalk,5,Bagusss tapi banyak orang china semuaaa tp bagussss punya teman luar negeri,bagus orang china semuaaa bagus teman negeri,Positif
HelloTalk,5,bisa belajar bahasa inggris dan punya teman manca negara. its so nice,ajar bahasa inggris teman manca negara its bagus,Positif
HelloTalk,5,Sangat bagus sekali dan benar-benar membantuku meningkatkan bahasa Inggrisku,bagus benarbenar bantu tingkat bahasa inggris,Positif
HelloTalk,5,aplikasinya sangat bagus,aplikasi bagus,Positif
HelloTalk,5,aplikasi ini bagus aku suka,aplikasi bagus suka,Positif
HelloTalk,5,aplikasi ini sangat bagus untuk praktek bahasa asing,aplikasi bagus praktek bahasa asing,Positif
HelloTalk,5,aplikasi ini sangat lah seru dan bisa mendapatkan banyak temen.dan juga bisa mendapatkan pacar orang luar negeri dan sahabat luar negeri dan juga temen luar negeri,aplikasi seru temendan pacar orang negeri sahabat negeri temen negeri,Positif
HelloTalk,5,Aplikasi nya sangat membantu untuk berkenalan dengan negara lainnn sangat bagusss,aplikasi bantu nal negara lainnn bagus,Positif
HelloTalk,5,"aplikasi yang sangat bagus , selain bisa dapat teman dari berbagai negara kita juga bisa meningkatkan kemampuan berbahasa Inggris",aplikasi bagus teman negara tingkat mampu bahasa inggris,Positif
HelloTalk,5,sangat baik dari apk yg pernah aku coba,aplikasi coba,Positif
HelloTalk,5,bagus banget kak aku bisa belajar bahasa asing khususnya bahasa mandarinðŸ“šðŸ‘ðŸ¤— semangat ðŸ”¥,bagus banget ajar bahasa asing bahasa mandarin semangat,Positif
HelloTalk,5,hello talk ini sangat seru dan kita bisa berteman di sosial media,hello talk seru teman sosial media,Positif
HelloTalk,5,bagus sie apk ini membantu bngt buat kita yg mau belajar bhasa asing,bagus sie aplikasi bantu banget ajar bhasa asing,Positif
Busuu,5,lebih mending daripada burung sebelah ðŸ˜,mending burung belah,Positif
Busuu,5,its cool,its keren,Positif
Busuu,5,lumayan,lumayan,Positif
Busuu,5,mudah dipahami dan sangat membantu saya dalam menguasai bahasa Korea,mudah paham bantu kuasa bahasa korea,Positif
Busuu,5,memudahkan untuk memahami banyak bahasa asing,mudah paham bahasa asing,Positif
Busuu,4,bagusðŸ˜…ðŸŒŸ,bagus,Positif
Busuu,5,"Bagus, atraktif",bagus atraktif,Positif
Busuu,5,sangat membantu untuk seseorang yang ingin sekali belajar bahasa asing apalagi ini belajarnya memang dari dasar banget,bantu ajar bahasa asing ajar dasar banget,Positif
Busuu,5,nice lah,bagus,Positif
Busuu,4,bagus banget,bagus banget,Positif
Busuu,4,untuk pemula bener bener bagus,mula bagus,Positif
Busuu,5,oke good,oke bagus,Positif
Busuu,5,sangat bagus,bagus,Positif
Busuu,5,"saya sangat terbantu dengan adanya busuu, belajar bahasa asing menjadi lebih mudah",bantu ajar bahasa asing mudah,Positif
Busuu,5,cool,keren,Positif
Busuu,5,membantu sekali wajib download,bantu wajib download,Positif
Busuu,5,bagus untuk belajar bahasa inggris tapi banyak iklannya jadi harus premium deh,bagus ajar bahasa inggris iklan premium,Positif
Busuu,5,good,bagus,Positif
Busuu,5,"pliss ini apk rekomeded banget, hwaa pingin nangis saking suka nyaðŸ˜­",pliss aplikasi rekomeded banget hwaa pingin nang saking suka,Positif
Busuu,5,"BAGUS BANGET BUAT BELAJAR BAHASA JERMAN, super duper mudah dipahami, langganan premium 1 tahun murah bangeeeettt, luuuvvv busuuuu,",bagus banget ajar bahasa jerman super duper mudah paham langgan premium murah bangeeeettt luuuvvv busuuuu,Positif
Busuu,5,"Tuhan masukan lah orang pencipta apk ke ini surga mu. dari banyak nya aok cmn satu ini yang ngajarin sampe akar akar nya bahkan hal sekecil apapun itu di jelasin semua nya ada contoh dan penjelasan nya saya sukaa dengan metode pengajaran nya, and buat akun premium nya juga msih terjangkau dan masih ramah di kantong pelajar",tuhan masuk orang cipta aplikasi surga aok cmn ngajarin sampe akar akar jelasin contoh jelas sukaa metode ajar and akun premium msih jangkau ramah kantong ajar,Positif
Busuu,5,ga bikin pusing plus simpel,bikin pusing plus simpel,Positif
Busuu,5,"keren banget buat yang pemula,,,jadi aplikasi seru banget deh kita bisa dengar cara bicara atau baca bahasa asingðŸ’—ðŸ’—",keren banget mula aplikasi seru banget dengar bicara baca bahasa asing,Positif
HelloTalk,5,aplikasi ini sangat bagus untuk praktek bahasa asing,aplikasi bagus praktek bahasa asing,Positif
HelloTalk,5,seruu Bangett,seru banget,Positif
HelloTalk,5,aplikasi ini sangat lah seru dan bisa mendapatkan banyak temen.dan juga bisa mendapatkan pacar orang luar negeri dan sahabat luar negeri dan juga temen luar negeri,aplikasi seru temendan pacar orang negeri sahabat negeri temen negeri,Positif
HelloTalk,5,Aplikasi nya sangat membantu untuk berkenalan dengan negara lainnn sangat bagusss,aplikasi bantu nal negara lainnn bagus,Positif
HelloTalk,5,sangat baik dari apk yg pernah aku coba,aplikasi coba,Positif
HelloTalk,5,bagus banget kak aku bisa belajar bahasa asing khususnya bahasa mandarinðŸ“šðŸ‘ðŸ¤— semangat ðŸ”¥,bagus banget ajar bahasa asing bahasa mandarin semangat,Positif
HelloTalk,5,sangat membantu,bantu,Positif
HelloTalk,1,bermanfaat,manfaat,Positif
HelloTalk,5,aku suka banget bisa chat an sama gege China,suka banget chat gege china,Positif
HelloTalk,5,suka banget karena bisa temenan sama orang luar negeri,suka banget temenan orang negeri,Positif
HelloTalk,5,"jujurr aplikasi ini lebih seru,dan bisa menjadi tempat kita belajar bahasa luar",jujurr aplikasi seru ajar bahasa,Positif
HelloTalk,5,baguss ih cuman waktu nya cuman setengah jam aja..butuh lebih lama pls tolong banget ini..,bagus jam butuh pls tolong banget,Positif
HelloTalk,5,saran doang nih ht buat fitur cerita dong kaya STORYS GITUUUU KAYA DI IG,saran doang fitur cerita kaya storys gituuuu kaya,Positif
HelloTalk,5,"apk paling buagus gacor, bikin gw banyak punya temen orang luar ðŸ¤­ðŸ‘",aplikasi buagus gacor bikin temen orang,Positif
HelloTalk,4,sangatttt membantuu ya kawan kawan,sangatttt membantuu kawan kawan,Positif
HelloTalk,5,applikasi nya bagus banget ðŸ˜,applikasi bagus banget,Positif
HelloTalk,5,"rekomen banget sih buat belajar sama berteman sama orang luar, disini kebanyakan anak muda jadi mempermudahkan kita berteman dengan orang seumuran",rekomen banget ajar teman orang banyak anak muda mudah teman orang umur,Positif
HelloTalk,5,mantap dan seru,mantap seru,Positif
HelloTalk,5,apk nya bagus tapi sering keluar sendiri ga tau knp,aplikasi bagus tau,Positif
HelloTalk,5,bagus,bagus,Positif
HelloTalk,5,bagus banget aplikasi nya,bagus banget aplikasi,Positif
HelloTalk,5,kerenn,keren,Positif
HelloTalk,5,saya mendapat teman china yang insya alloh tetap.,teman china insya alloh,Positif
HelloTalk,5,bagus kok pengguna juga ramah Â²,bagus guna ramah,Positif
HelloTalk,5,seruuuu dapet temen baru,seru dapet temen,Positif
HelloTalk,5,suka bangetttt berguna bangettt,suka bangetttt guna banget,Positif
HelloTalk,5,Bagus bangett apk nya gaada bug sama sekali,bagus banget aplikasi gaada bug,Positif
Duolingo,2,"belajarnya terlalu nyantai, ituÂ² aja.",ajar nyantai itu,Negatif
Duolingo,2,"perbaiki duolingo saya! saat menyelesaikan pelajaran tidak ada suaranya, perbaiki SECEPATNYA!",baik selesai ajar suara baik cepat,Negatif
Duolingo,1,aplikasi untuk membantu belajar dengan unsur iklan judi online yang sangat mantap. mengajarkan kelebihan dari melakukan judi online melalui iklan yang ada dalam aplikasi,aplikasi bantu ajar unsur iklan judi online mantap ajar lebih judi online iklan aplikasi,Negatif
Duolingo,1,sebenernya suka sama aplikasinya tapi karena ini aplikasi support LGBT saya kasih bintang 1. SAYA MENERIMA PERBEDAAN BUKAN PENYIMPANGAN!!!!!,sebenernya suka aplikasi aplikasi support lgbt kasih bintang terima beda simpang,Negatif
Duolingo,1,Pemerintah Indo gimana nih aplikasi pro LGBT didiemin aja. bukannya direvisi,perintah indo gimana aplikasi pro lgbt didiemin revisi,Negatif
Duolingo,4,iklan yang terlalu lama,iklan,Negatif
Duolingo,1,"parah masa cerita nya banyak mengandung cerita LGBT gak banget si, auto uninstall ðŸ«©",parah cerita kandung cerita lgbt banget auto uninstall,Negatif
Duolingo,3,"sebenarnya bagus untuk belajar bhs inggris, tapi astagfirullah secara tidak langsung dari sebagian dialog nya contohin suka sesama jenis. Naudzubillah semoga generasi kita di jauh kan dari kaum Nabi luth. dibagian 1 unit 7 tentang bulan madu, ada dialog pasangan sesama jenis nya.",bagus ajar bahasa inggris astagfirullah langsung dialog contohin suka jenis naudzubillah moga generasi jauh kaum nabi luth bagi unit madu dialog pasang jenis,Negatif
Duolingo,1,bug nya ribet saya sudah selesai belajar malah loading(gak bakal selesai) loading nya lama banget dan kalo keluar itu level gak naik jadi buang energi doang level nya gak naik belajar naikin energi juga gak bisa tolong di fix,bugnya ribet selesai ajar loading selesai loadingnya banget kalo level buang energi doang level ajar naikin energi tolong fix,Negatif
Duolingo,4,nyebelin banget pake ngelag segalaaðŸ˜¤ udah bagus tapi kekurangan xp nya ga nambah nambah!,nyebelin banget pakai ngelag segalaa bagus kurang nambah nambah,Negatif
Duolingo,1,"Saya menghargai materi interaktif Duolingo, tapi beberapa dialog pembelajaran menampilkan hubungan LGBT seperti perempuan malah berpacaran dengan perempuan. Mengingat aplikasi ini juga dipakai anak-anak, mungkin bisa dipertimbangkan konteks atau peringatan konten agar lebih sesuai untuk target usia mereka.",harga materi interaktif dialog ajar tampil hubung lgbt perempuan pacar perempuan aplikasi pakai anakanak timbang konteks ingat konten sesuai target usia,Negatif
Duolingo,2,"bug nya banyak banget, materi suka gak jelas, jawaban saya yang bener di salahkan dengan jawaban yang tidak jelas, tolong dibenerin",bugnya banget materi suka salah tolong dibenerin,Negatif
Duolingo,1,akuu mau bayar super duolingo tapi gabisa katanya terjadi kesalahan,akuu bayar super tidak bisa salah,Negatif
Duolingo,4,Gak bisa masukkin skor ke linkedin,masukin skor linkedin,Negatif
Duolingo,1,Ad unsur Lgbt nya,unsur lgbt,Negatif
Duolingo,1,"Uninstal, duolingo ternyata pro LG*T",uninstal pro,Negatif
Duolingo,1,duit gua balikin bg,duit balikin,Negatif
Duolingo,4,"dari aplikasi sih, udah bagus, tapi aku kasih bintang 4 soalnya pas suruh niruin kalimat atau ngomong gitu padahal aku udah bener tapi tetep salah",aplikasi bagus kasih bintang sesuai suruh niruin kalimat ngomong gitu tetep salah,Negatif
Duolingo,1,tolong iklan dihapus dan hati nya ditambah lgi masa harus premium dulu kasian yg mau belajar bahasa gak premium?! Cih mana pas di terakhir salah nya tambah lgi gak lo hati nya? ðŸ¤¢ðŸ˜’,tolong iklan hapus hati tambah lgi premium kasi ajar bahasa premium cih sesuai salah lgi hati,Negatif
Duolingo,4,"satu saja, tolong di sesi cerita jangan ada (gay/hubungan sesama jenis) itu membuat saya ngeri dan terasa menjijikan. tolong pakai hubungan yang normal seperti umumnya bukan hubungan yang membuat penyakit.",tolong sesi cerita gayhubungan jenis ngeri jijik tolong pakai hubung normal hubung sakit,Negatif
Duolingo,3,terkadang saat latihan berbicara duolingo tidak mendengar,terkadang latih bicara dengar,Negatif
Duolingo,4,"Entah kenapa duolingo sekarang lama banget loadingnya. Hampir tiap hari kelamaan loading, waktu makin tebuang-buang hanya untuk streak hari aman",banget loadingnya loading tebuangbuang streak aman,Negatif
Duolingo,1,tambahin fitur Ã¬zin dong masak gw sakit di suruh nyalain api,tambahin fitur zin masak sakit suruh nyalain api,Negatif
Duolingo,1,masih satu aplikasi tapi beda fitur spesifikasi temenku pakenya energi terus bisa pake penutur indo pas belajar bahasa lain tapi kalo sistemku pakenya hati terus harus nyelesain belajar bahasa yang pertama dulu,aplikasi beda fitur spesifikasi temenku pakenya energi pakai tutur indo sesuai ajar bahasa kalo sistem pakenya hati nyelesain ajar bahasa,Negatif
Duolingo,1,"malah menyuarakan lgbt, padahal bagus loh. cuman aku agak sedikit terganggu sama cara kalian nyelipin lgbt di dalamnya. ga banget buat anak anak ðŸ‘ŽðŸ‘ŽðŸ‘Ž geli jujur setiap baca atau dengernya huekk",suara lgbt bagus loh ganggu nyelipin lgbt dalam banget anak anak geli jujur baca dengernya huekk,Negatif
Duolingo,2,membayar aku kira engak ðŸ˜­ðŸ˜­ðŸ˜­,bayar engak,Negatif
Duolingo,1,"aplikasi badjingan.. gw mau ngecancel max, kgk bisa bisa anj daritadi...",aplikasi badjingan ngecancel max kgk anj daritadi,Negatif
Duolingo,1,"kok grandma diartikan sebagai cucu dan juga nenek diasaat yang sama? ini lagi kalimat aku suka menonton konser malah jadi i like watching the concert, ini kan bearti dia membicarakan spesifik konser yang sedang dia tonton, gimana bisa tau bahwa dia membicarakan spesifik konser yang dia tonton atau semua konser? Acara besar itu sangat menyenangkan malah diartikan jadi Big events are so fun, kan ada kata itu, artinya dia membicarakan spesifik 1 acara, bukan banyak acara",grandma arti cucu nenek diasaat kalimat suka tonton konser like watching the concert bearti bicara spesifik konser tonton gimana tau bicara spesifik konser tonton konser acara senang arti big events are fun bicara spesifik acara acara,Negatif
Duolingo,2,pelajaran nya di ulang terus dan kaya ga ada kata lainðŸ‘ŽðŸ¼,ajar ulang kaya lain,Negatif
Duolingo,1,bagus buat pemula tapi kenapa harus ada unsur lgbt nya padahal kalo normal worth it bgt buat pemula:(,bagus mula unsur lgbt kalo normal worth banget mula,Negatif
Busuu,5,Ui nya agak lola aja sih,lola,Negatif
Busuu,5,please fix the bugs. saya tidak bisa masuk kembali dengan gmail yang sudah terdaftar ataupun dengan nomor telepon. tampilan selalu kembali ke awal pilihan bahasa.,please fix the bugs masuk gmail daftar nomor telepon tampil pilih bahasa,Negatif
Busuu,5,"Aplikasi belajar yg bagus untuk kita yg ingin menambah skil bahasa, tetapi mengapa akhir akhir ini ketika di buka aplikasinya, tiba tiba keluar sendiri, tolong masukannya developer busuk yg terhormat.",aplikasi ajar bagus tambah skil bahasa buka aplikasi tolong masuk developer hormat,Negatif
Busuu,3,awalnya sangat dipermudah tapi setelah beberapa hari GK bisa dipake kesalahan jaringan padahal wifiku baik2 aja kenceng sinyalnya sangat memperihatinkan ðŸ‘Ž,mudah dipake salah jaring wifiku baik2 kenceng sinyal memperihatinkan,Negatif
Busuu,3,"stelah sya nympe di tingkat A2 jepang, ada bug ketika pelajaran yang sangat mengganggu, yaitu TULISAN JEPANG pas latihan bnyak yg terpotong,jdi gk bisa baca sepenuh nya. dan sya sering slah krna itu. untuk para developer tlong perbaiki bug nya ya. selain komplain ini busuu tetap bagus bagi saya. trimakasih",stelah sya nympe tingkat jepang bug ajar ganggu tulis jepang sesuai latih bnyak potong baca sepenuh sya slah krna developer tlong baik bug komplain bagus trimakasih,Negatif
Busuu,5,Loadingnya sering lama,loadingnya,Negatif
Busuu,3,"suka banget belajar bahasa di busu, aku ga pernah masalah sama iklan karena itu sumber pemasukan untuk aplikasi nya juga, masalah nya aku baru di tahap awal banget pakai busu sudah harus premium aja, belum juga mulai loh",suka banget ajar bahasa iklan sumber pasu aplikasi tahap banget pakai premium loh,Negatif
Busuu,2,gila iklannya banyak banget dan mengganggu,gila iklan banget ganggu,Negatif
Busuu,1,"bagus, tapi mau upgrade ke premium gabisa pembayaran melalui Telkomsel selalu ditolak",bagus upgrade premium tidak bisa bayar telkomsel tolak,Negatif
Busuu,1,"jelek., harus bayar dan berlangganan",jelek bayar langgan,Negatif
Busuu,1,"Hi, min ini kenapa aplikasi selalu error saat saya login maupun belajar padahal jaringan saya baik baik saja",min aplikasi error login ajar jaring,Negatif
Busuu,4,"sebenarnya busu sangat membantu sekali dalam belajar berbagai bahasa, namun ada beberapa teks video bahkan kiat yang tidak muncul sehingga tidak bisa melanjutkan proses belajar, tolong segera di perbaiki",bantu ajar bahasa teks video kiat muncul lanjut proses ajar tolong baik,Negatif
Busuu,1,fitur komunitas tidak pernah berfungsi,fitur komunitas fungsi,Negatif
Busuu,1,gabisa login ulang sama gabisa nerusin pelajaran karena koneksi internet katanya tapi lancar2 aja internet gw,tidak bisa login ulang tidak bisa nerusin ajar koneksi internet lancar2 internet,Negatif
Busuu,2,"saya tidak bisa login busuu , kenapa?",saya tidak login,Negatif
Busuu,1,saya seorang anak kost yang baru saja dikirimkan uang oleh orang tua saya kak..saya memohon pengembalian dana saya kak karena saya sangat membutuhkan uang tersebut..saya tidak sengaja berlanganan kak saya mohon pengembalian nya trimakasi.,anak kost kirim uang orang tua mohon kembali dana butuh uang sengaja berlanganan mohon kembali trimakasi,Negatif
Busuu,1,kenapa saya gak bisa login yah apakah harus pake data kenapa gak bisa pake wi-fi,login pakai data pakai wifi,Negatif
Busuu,4,agak banyak iklan,iklan,Negatif
Busuu,3,"aplikasi bagus, tapi kenapa saya tidak dapat membuka page komunitas? selalu bertuliskan masalah koneksi padahal koneksi saya baik-baik saja. saya jadi tidak bisa menkoreksi latihan user lain.",aplikasi bagus buka page komunitas tulis koneksi koneksi baikbaik menkoreksi latih user,Negatif
Busuu,4,"semua bagus, tapi klo pake wifi internetnya ga ada terus",bagus pakai wifi internetnya,Negatif
Busuu,1,kurang bagus aplikasinya masih banyak kekurangan di tahap pemahamannya,bagus aplikasi kurang tahap paham,Negatif
Busuu,3,"mengapa setiap membuka halaman komunitas selalu dikatakan internet kurang memadai padahal internet saya sangat baik. dulu saya pikir karena belum premium, tapi sekarang sudah premium tetap tampilan seperti itu. mohon solusinya pihak develop, terimakasih..",buka halaman komunitas internet pada internet pikir premium premium tampil mohon solusi develop terimakasih,Negatif
Busuu,2,jadi malas belajar nya karna setiap buka bab mesti nonton iklan duluðŸ˜­ padahal materi nya okee banget lo.. sayang terlalu banyak iklan,malas ajar buka bab mesti nonton iklan dulu materi oke banget sayang iklan,Negatif
Busuu,4,"ya tuhan saya sangat bingung sekali saat saya mau belajar tapi videonya tidak muncul padahal jaringan saya bagus, saya sudah coba hapus aplikasi terus instal lagi ternyata masih sama lalu akhirnya saya hapus akun saya, gimana ya ini cara mengembalikan akunnya apa ada cara? saya sudah berlangganan terus hangus jadinya",tuhan bingung ajar video muncul jaring bagus coba hapus aplikasi instal hapus akun gimana kembali akun langgan hangus,Negatif
Busuu,5,ko nggk bisa login yaa,nggk login,Negatif
Busuu,5,aku suka banget tapi aku gak suka sama iklanya setiap mau masuk kadang harus iklan pas keluar juga harus iklan kan jadi nunggu lama,suka banget suka iklanya masuk kadang iklan sesuai iklan nunggu,Negatif
Busuu,3,"beberapa terjemahan dalam bahasa jerman terkadang kurang tepat, ini membuat saya bingung untuk memahami kata perkata dalam kalimat",terjemah bahasa jerman terkadang bingung paham kata kalimat,Negatif
Busuu,5,Ada Verben salah dalam pengartian stehen yg artinya mengirim,verben salah arti stehen kirim,Negatif
Busuu,3,"cape eyy, soalnya sulit dipahami, kataÂ²nya berat dan baku",cape eyy sulit paham kata nya berat baku,Negatif
Busuu,5,"ada buat latihan, banyak test nya, sygny di aku suara Ny kok nggak bisa ya",latih test sygny suara nggak,Negatif
Busuu,1,apk sampah,aplikasi sampah,Negatif
Busuu,1,pelajaran ke bahasa asing tetapi ketika ada penjelasan menggunakan bahasa asing bagaimana pelajar bisa paham? sangat tidak direkomendasikan,ajar bahasa asing jelas bahasa asing ajar paham rekomendasi,Negatif
Busuu,2,"aku kasih 2 dulu karena aku ga bisa masuk akun, tulisan nya eror, dan juga internet nya ga bisa padahal jaringan bagus",kasih masuk akun tulis eror internet jaring bagus,Negatif
Busuu,2,"saya belajar bahasa spanyol disini bagus bagus aja, cuma kalau mau buka bagian komunitas nya selalu tertampil gaada internet padahal internet saya lancar, dari awal download sudah begitu. tolong di perbaiki",ajar bahasa spanyol bagus bagus buka komunitas tampil gaada internet internet lancar download tolong baik,Negatif
Busuu,1,tampilan aplikasinya kok jelek banget sih.,tampil aplikasi jelek banget,Negatif
Busuu,4,terlalu sering ditawari penawaran berbayar :/,tawar tawar bayar,Negatif
Busuu,3,"Sebenarnya aplikasi bagus, TAPI untuk bahasa Mandarin dan jepang tidak ada romanisasi untuk membaca Hanzi ataupun Kanji. Sedangkan listening itu bagus untuk pengucapan tapi tidak untuk membaca",aplikasi bagus bahasa mandarin jepang roman baca hanzi kanji listening bagus ucap baca,Negatif
HelloTalk,4,"aplikasi ini bagus tapi ada masalah ketika aku menelepon, tiba-tiba mati secara sepihak. padahal yang disana masih tersambung dan Kouta aku, sinyal ku baik aja. terus, pas aku mau apus cache sampah, telepon yang sedang terjadi di hello talk juga mati. itu bagaimana ya? karna udah hampir 3x kejadian di aku. tolong di perbaiki, sisanya bagus bisa otomatis cari teman yang cocokâ¤ï¸",aplikasi bagus telepon tibatiba mati sana sambung kouta sinyal sesuai hapus cache sampah telepon hello talk mati jadi tolong baik sisa bagus otomatis cari teman cocok,Negatif
HelloTalk,3,"aku coba2 pakai aplikasi ini,bagus si aku langsung dapat respon masuk tapi sayang,aku langsung dpt chat yng kurang baik,dengan membicarakan inti yng tak baik,dan percemahannya harus menonton iklan atau top up sejumlah dana,aku yng gaptek berharap bisa belajar tidak taunya malah nambah gaptek,jadi aku hapus aplikasi ini.",coba2 pakai aplikasi bagus langsung respon masuk sayang langsung chat yng bicara inti yng cah tonton iklan top dana yng gaptek harap ajar tau nambah gaptek hapus aplikasi,Negatif
HelloTalk,1,banyak yang ribut,ribut,Negatif
HelloTalk,4,gimana caranya susah anjay ðŸ—¿ðŸ˜‘,gimana susah anjay,Negatif
HelloTalk,3,"kenapa setiap video selalu tidak bisa ditonton, padahal koneksi ku bagus, kuharap ini segera diperbaiki.. plus thumbnail hello talk terlalu besar.",video tonton koneksi bagus harap baik plus thumbnail hello talk,Negatif
HelloTalk,3,sebenarnya ini aplikasi bagus cumaa kenapa aku sdah lama tapi ko ga ada satu pun yang mau berteman dengan ku? bahkan postingan ku sudah 2 bulan ku post tapi sama sekali tidak ada yang like.,aplikasi bagus cumaa sdah teman postingan post like,Negatif
HelloTalk,2,ini apk benerÂ² engga bisa sinyal jelek dikit aja benerÂ² engg nerima,aplikasi bener engga sinyal jelek dikit bener engg nerima,Negatif
HelloTalk,2,Kenapa ya aku ga bisa dapat kode,kode,Negatif
HelloTalk,1,cara login nya gimana si aku ngk tau,login gimana ngk tau,Negatif
HelloTalk,1,saya pengguna baru ketika saya mau masang profil untuk login selalu ada tulisan gagal dan ga bisa login gara gara itu,guna masang profil login tulis gagal login gara gara,Negatif
HelloTalk,5,"aplikasi nya udah bagus tapi main ini kadang cuma dapet hikmahnya doang,kenapa dapet hikmahnya doang? karna sepi banget,berusaha buat profil menarik bukanya narik temen malah narik hikmah,kadang mikir apa yang salah ya,kadang orang orang kok bisa rame heran bet aku hdhhh,tapi semngat buat pejuang cari temen luar negri xixi",aplikasi bagus main kadang dapet hikmah doang dapet hikmah doang sepi banget usaha profil tarik buka narik temen narik hikmah kadang mikir salah kadang orang orang rame heran bet hdhhh semngat juang cari temen negeri xixi,Negatif
HelloTalk,1,mengapa saya tidak dapatembuat akun baru menyesal mendownload aplIkasi ini jangan di download hanya membuang ruang penyimpanan saja ciuh,dapatembuat akun sesal mendownload aplikasi download buang ruang simpan ciuh,Negatif
HelloTalk,3,microphone gak bisa nyala padahal udat set izinkan,microphone nyala udat set izin,Negatif
HelloTalk,2,kenapa pas aku buka dibilang akun sudah penuh?,sesuai buka bilang akun penuh,Negatif
HelloTalk,2,"JUJUR AKUU SUKAKKK BANGETT SAMA APK NYAA, but please don't have too many VIPs please and if possible just get rid of it or deleted, karna susah untuk berkomunikasi lebih bebas, especially if you want to translate you have to be VIP ðŸ˜¢ðŸ˜¢ðŸ˜¢",jujur akuu sukakkk banget aplikasi nyaa but please have too many vips please and possible just get rid deleted susah komunikasi bebas especially you want translate you have vip,Negatif
HelloTalk,1,"baru download sebenernya, cuma pas mau login dan ada pilihan terakhir upload foto kita malah gak bisa tolong diperbaiki dan dipermudah untuk upload foto nya kalau begini yang mau belajar jadi pada susah",download sebenernya sesuai login pilih upload foto tolong baik mudah upload foto ajar susah,Negatif
HelloTalk,2,"aplikasinya lumayan untuk belajar bahasa asing , dan berkenalan dengan teman teman di berbagai negara. hanya saja menurutku VIP nya terlalu mahal",aplikasi lumayan ajar bahasa asing nal teman teman negara turut vip mahal,Negatif
HelloTalk,3,susah untuk di download dengan notifikasi penyimpanan habis padahal penyimpanan masuk penuh aneh sekali,susah download notifikasi simpan habis simpan masuk penuh aneh,Negatif
HelloTalk,2,pliss lahh ini gk bisa cari username orng di pencariannn,pliss lahh cari username orng pencariannn,Negatif
HelloTalk,2,"akir2 ini saya pribadi cukup kecewa mengunakan aplikasi ini saat sedang live tiba2 keluar sendiri, bahkan orang lain mengangap kita tidak sopan karena saat bicara lansung mengakiri siaran lansung, jadi menurut saya tolong di perbaiki sistemnya karena ini sangat menganggu dulu kita bisa like berjam2 tanpa kendala tapi sekarang suka keluar sendiri",akhir2 pribadi kecewa mengunakan aplikasi live tiba2 orang mengangap sopan bicara lansung mengakiri siar lansung tolong baik sistem menganggu like berjam2 kendala suka,Negatif
HelloTalk,2,ga bisa masuk,masuk,Negatif
HelloTalk,4,"kata orang si bagus ya,tapi help aku ga bisa download apknya padahal internet lancar and memori gak full,TT AAAAA NYEBELIN",orang bagus help download aplikasi internet lancar and memori full aaaaa nyebelin,Negatif
HelloTalk,1,mengakses link pada fitur chat sangat lambat. bahkan tidak terbuka.,akses link fitur chat lambat buka,Negatif
HelloTalk,1,knp harus beli dulu kan susah jdnya,beli susah jdnya,Negatif
HelloTalk,4,"kenapa apps ini di hp saya tidak kompatibel dengan perangkat saya ya?, sedangkan dicoba di HP lain apps tiba-tiba tdk tersedia di Google play store?",aplikasi kompatibel perangkat coba aplikasi tibatiba sedia google play store,Negatif
HelloTalk,4,"servernya tolong, padahal jaringan buka yt bagus, tapi pas masuk selalu tulisan menghubungkan, maksudnya apa ya?",servernya tolong jaring buka bagus sesuai masuk tulis hubung maksud,Negatif
HelloTalk,3,"gabisa di download anjir pdhl sinyal sama penyimpanan udh bgus,ugh",tidak bisa download anjir pdhl sinyal simpan bgus ugh,Negatif
HelloTalk,1,"Kalau mau nge banned di tinjau lebih dalam dulu jangan asal banned dong, hanya karena orang lain ga suka asal banned aja",nge banned tinjau banned orang suka banned,Negatif
HelloTalk,1,hello talknya budeg,hello talk budeg,Negatif
HelloTalk,1,"Gada yang chat. Dulu pernah download dan biarin sekitar sebulanan lebih yg chat cuma 1 terus 5 tahunan kemudian (skrg) download lagi, dibiarin 3 harian, gada yg chat sama sekali. Algoritma nya gimana sih.",chat download biarin bulan chat tahun download dibiarin hari chat algoritma gimana,Negatif
HelloTalk,1,"Tiba2 kena banned padahal profil wajar saja, tidak ada yg aneh",tiba2 kena banned profil wajar aneh,Negatif
HelloTalk,1,"Udah VIP permanen tapi gak bisa kirim pesan bahkan tidak bisa menerima pesan dan notif pesan pun tidak ada, sangat mengecewakan dan merugikan saya ditambah sekarang akun saya dihapus",vip permanen kirim pesan terima pesan notif pesan kecewa rugi tambah akun hapus,Negatif
HelloTalk,2,"Rata2 org di hellotalk banyak yang nyari jodoh dengan embel2 nyari temen speaking min, mohon di filter biar yg bener2 pengen belajar ngomong ketemu temennya yang searah bukan di pertemukan dengan random peopple yg nyari pasangan.",rata2 orang cari jodoh embel2 cari temen speaking min mohon filter biar bener2 ken ajar ngomong ketemu temennya arah temu random peopple cari pasang,Negatif
HelloTalk,2,kenapa pas aku buka dibilang akun sudah penuh?,sesuai buka bilang akun penuh,Negatif
HelloTalk,2,"JUJUR AKUU SUKAKKK BANGETT SAMA APK NYAA, but please don't have too many VIPs please and if possible just get rid of it or deleted, karna susah untuk berkomunikasi lebih bebas, especially if you want to translate you have to be VIP ðŸ˜¢ðŸ˜¢ðŸ˜¢",jujur akuu sukakkk banget aplikasi nyaa but please have too many vips please and possible just get rid deleted susah komunikasi bebas especially you want translate you have vip,Negatif
HelloTalk,3,"aku suka dengan aplikasi ini karena bisa mendapatkan teman dari berbagai negara,tetapi aku kurang suka dengan pembayaran untuk mencari teman",suka aplikasi teman negara suka bayar cari teman,Negatif
HelloTalk,5,g jdi anj gk bisa download,anj download,Negatif
HelloTalk,3,Makin di-update makin gajelassss Tolong perbaikan sehingga kami dapat memberi rating yang baik,diupdate gajelassss tolong baik rating,Negatif
HelloTalk,3,"Aplikasi nya bagus,dan nyaman tapi satu masalah,kenapa translate harus berbayar?",aplikasi bagus nyaman translate bayar,Negatif
HelloTalk,1,"lebih suka pas 2021 sebelum update besar besaran apk ini bebas chat tanpa batasan, dulu memang ada vitur vip tpi untuk yg sekarang makin ribet harus vip dulu biar chat nya lebih puas prnah dlu gue mau beli vip pas liat durasi bentaran doang gk jdi lah, bintang 1 pokoknya",suka sesuai update besar aplikasi bebas chat batas vitur vip ribet vip biar chat puas prnah dlu beli vip sesuai liat durasi bentar doang bintang pokok,Negatif
HelloTalk,3,Sangat bagus dan membantu Tpi kenapa akun saya masih baru langsung VIP dan tidak bisa dibuat gratis,bagus bantu akun langsung vip gratis,Negatif
HelloTalk,4,"Bagus sih, cuma dikasih waktu sebentar buat belajar dan ngobrol gak sampe",bagus kasih sebentar ajar obrol sampe,Negatif
HelloTalk,3,kan saya sudah mendownload video dari teman saya kenapa tidak bisa di lihat.apakah bug atau bagaimana?,mendownload video teman lihatapakah bug,Negatif
HelloTalk,2,"udah di hapus,kecewa sikit berbayar soalnya sebenarnya mau gw centang 1 tapi karena kasian jadi saya tambah lah 1 bintang gppðŸ‘ðŸ˜",hapus kecewa bayar centang kasi bintang gpp,Negatif
HelloTalk,1,nyari akun teman susah ntah apa salahnya buat sediakan search account,cari akun teman susah ntah salah sedia search account,Negatif
HelloTalk,5,kok akun ku ke band gimana nih,akun band gimana,Negatif
HelloTalk,1,akun ku kok tiba tiba ke blokir sih tidak bisa login lagi,akun blokir login,Negatif
HelloTalk,1,kenapa ketika saya mencoba menambah kan teman dekat saya itu susah sekali mencari id nya bahkan ketika saya sudah mencari id nya dengan benar teman saya gak muncul di pencarian bahkan sudah pakai QR code tolong perbaiki ðŸ’”ðŸ¥€,coba tambah teman susah cari cari teman muncul cari pakai code tolong baik,Negatif
HelloTalk,1,ngga asik sumpah kenapa sih harus ada VIP? ngga enak tau mana bayarnya mahal banget sampe udah gua hapus 3x nih hapus download hapus download biar bisa ulang lagi,asik sumpah vip enak tau bayar mahal banget sampe hapus hapus download hapus download biar ulang,Negatif
HelloTalk,2,bagus si bagus tadi bayar,bagus bagus bayar,Negatif
HelloTalk,1,masa w ga bisa buat akun,akun,Negatif
HelloTalk,1,"kikir bet cok, buat akun lain gabisa",kikir bet cok akun tidak bisa,Negatif
HelloTalk,1,tidak dapat memperbarui aplikasi hello talk,baru aplikasi hello talk,Negatif
HelloTalk,4,sementara aku bintang 4 dulu karena apk ada bug yaitu adalah ketika saya mengirim kan video malah gagal terus padahal sinyal dan internet nya lancar,bintang aplikasi bug kirim video gagal sinyal internet lancar,Negatif
HelloTalk,3,maaf kasi bintang tiga ya GK bisa di download berapa kli ruangan full pdahal dah hapus semua ny,maaf kasi bintang download kli ruang full pdahal hapus,Negatif
HelloTalk,3,"sebenernya aplikasinya bagus,bisa ketemu banyak temen dan belajar bayak bahasa baru, tapi sayangnya klo mau translate harus nonton video dulu mana videonya lama banget durasinya bisa sampe satu menit, klo gk mau nonton harus pake VIP bayarnya jga mahal menurut aku 1 bulan 150.000 klo setahun sekitar 900.000",sebenernya aplikasi bagus ketemu temen ajar bayak bahasa sayang translate nonton video video banget durasi sampe menit nonton pakai vip bayar jga mahal tahun,Negatif
HelloTalk,3,"tdk bisa di download, orang udah hapus semua aplikasi juga tetap tidak bisaa... ini bagaimana dihhh",download orang hapus aplikasi bisaa dihhh,Negatif
HelloTalk,5,aku sukaaa tpi knapa harus ada fitur VIP ganggu bngt sumpah ga bsa liat siapa yang kunjungi kita terus terjemahkan an juga jadi harus ke google slu VIP shibal sekiyyaaaa,sukaaa knapa fitur vip ganggu banget sumpah bsa liat kunjung terjemah google slu vip shibal sekiyyaaaa,Negatif
HelloTalk,4,"apk ini sebenarnya sangat bagus dan membantu untuk meningkatkan kita saat belajar bahasa asing serta menambah teman juga, tapi kenapa baru-baru ini aplikasinya tidak bisa mengirim voice chat dan gambar ya? pasti selalu loading atau gagal. tolong diperbaiki lagi aplikasinyaðŸ™",aplikasi bagus bantu tingkat ajar bahasa asing tambah teman barubaru aplikasi kirim voice chat gambar loading gagal tolong baik aplikasi,Negatif
HelloTalk,1,apa apa harus bayar.,bayar,Negatif
HelloTalk,2,kenapa kok tiba-tiba tidak bisa mencari teman dengan orang luar hanya bisa dari negara sendiri,tibatiba cari teman orang negara,Negatif
HelloTalk,1,udah old player limit nya kaga di naikin anjirr,old player limit kaga naikin anjirr,Negatif
HelloTalk,1,"sekarang malah banyak berbayarnya,bukan belajarnya",bayar ajar,Negatif
HelloTalk,3,"bagus sih,tapi MB nya gede bngt",bagus gede banget,Negatif
HelloTalk,1,knp apk nya pdhl di download udah mau selesai tapi ga bisa,aplikasi pdhl download selesai,Negatif
HelloTalk,1,kalo mau karokean mikrofon nya ga nyala ga ada suara gmn mau nyanyi suaranya juga ga ada terus juga perbayar menurut ku kurang asik,kalo karokean mikrofon nyala suara gmn nyanyi suara bayar asik,Negatif
HelloTalk,5,"apk nya sebenernya sih,,udah bagus baguss banget,, tapi di aku banyak iklan,dan kalo mau translate kaya nya cuman 60 pesan doang,kalo mau semua pesan di translate harus VIP,boleh gak Semua pesan itu di translate tanpa batas?,,agar aku mudah berinteraksi dengan orang di luar negri tanpa garus bolak balik.......",aplikasi sebenernya bagus bagus banget iklan kalo translate kaya pesan doang kalo pesan translate vip pesan translate batas mudah interaksi orang negeri garus bolak,Negatif
HelloTalk,1,"Selalu berbayar dan membosankan, gak bisa diganti atau dirubah",bayar bosan ganti rubah,Negatif
HelloTalk,1,"aplikasi nya bagus dan high recommended buat temen temen yg mau belajar langsung sm native speaker tapi kecewa banget sm limit waktunya, dulunya gk begitu. ini kayak maksa bangt biar upgrade ke VIP",aplikasi bagus high recommended temen temen ajar langsung native speaker kecewa banget limit dulunya kayak maksa bangt biar upgrade vip,Negatif
HelloTalk,2,"ksh bntng 2 dlu soalnya hrs di byr dlu bru bsa krm pesan, ya kalo nggk di byr nggk bsa krm psn",ksh bntng dlu hrs byr dlu bru bsa krm pesan kalo nggk byr nggk bsa krm psn,Negatif
HelloTalk,1,ga bisa daftar pake fb dn Google njir apaan bgt download mlh bgni,daftar pakai google njir banget download mlh bgni,Negatif
HelloTalk,1,"udah ga bisa di download lagi, katanya penyimpanan penuhÂ²â°â°, padahal masih ada ruang, emng butuh seberapa luas ruang buat download nih apk?? padahal dulu masih bisa sekarang ga bisa. apa harus se luas samudra baru bisa?? haha what a funny. download apk lain yg lebih gede aja bisa ini, tapi apk ini?? ga bisa. cape bgt udah ngulang 6 kali juga.",download simpan penuh ruang emng butuh luas ruang download aplikasi luas samudra haha what funny download aplikasi gede aplikasi cape banget ngulang kali,Negatif
HelloTalk,1,"Teman saya membeli VIP seumur hidup di HelloTalk,dia juga menghabiskan banyak uang di aplikasi ini dengan membeli banyak koin , tetapi akunnya diblokir karena sekelompok pengguna melaporkannya secara bersamaan hanya karena tidak suka. HelloTalk tidak mengembalikan uang, padahal pembelian masih berlaku. Hati-hati membeli VIP di aplikasi ini â€” akun Anda bisa dihapus kapan saja tanpa alasan jelas, dan dana tidak dikembalikan.",teman beli vip umur hidup habis uang aplikasi beli koin akun blokir kelompok guna lapor sama suka kembali uang beli laku hatihati beli vip aplikasi akun hapus alas dana kembali,Negatif
HelloTalk,4,"Menarik dapat mengenal banyak teman disini, hanya saja biaya untuk VIP terbilang mahal",tarik kenal teman biaya vip bilang mahal,Negatif
HelloTalk,1,"terlalu banyak iklan + gabisa akses sepuasnya karena rata"" semuanya premium",iklan tidak bisa akses puas premium,Negatif
HelloTalk,3,seandainya aplikasi ini gratis kek Whatsapp pasti seru,anda aplikasi gratis whatsapp seru,Negatif
HelloTalk,3,"apk nya bagus tapi saya g bisa nemuin temen pada seleb semua udh tua"" lagi ðŸ˜­ mana apk nya berbayar jga ðŸ¥²",aplikasi bagus nemuin temen seleb tua aplikasi bayar jga,Negatif
HelloTalk,4,aplikasi nya memang bagus tapi kenapa jadi berbayar sikh balik lagi dongg kayak dulu masa mau translate harus bayar Sikh njg,aplikasi bagus bayar sikh dongg kayak translate bayar sikh njg,Negatif
HelloTalk,1,"sebagaimana dikeluhkan banyak pengguna,kurang bijak dalam pemblokiran akun, merasakan sistem otoriter versi media, jangan pernah beli vip atau apapun saran saya, karena anda bisa dibanned permanent secara sepihak hanya karena laporan beberapa pengguna yang tidak suka.",keluh guna bijak blokir akun rasa sistem otoriter versi media beli vip saran dibanned permanent lapor guna suka,Negatif
HelloTalk,1,akun saya tiba2 keluar dan diblokir ga bisa masuk dengan email yang sama. email cs hellotalk berkali-kali blm ada balasan satupun. tlg atasin permasalahan saya,akun tiba2 blokir masuk email email berkalikali balas satu tlg atasin masalah,Negatif
HelloTalk,1,semuanya hampir wajib VIP yang pastinya gak murah dan nyebelin gitu waktu pencet apa pencet apa harus bayar lagi bayar lagi jadi gak bebas buat kenalan atau sekedar berinteraksi karna dibuat gak nyaman,wajib vip pasti murah nyebelin gitu pencet pencet bayar bayar bebas kenal dar interaksi nyaman,Negatif
HelloTalk,3,bagus sih bisa belajar bahasa juga tapi orang di dalam nya sombong sombong,bagus ajar bahasa orang sombong sombong,Negatif
HelloTalk,5,banyak bug nyh ðŸ˜‘,bug nyh,Negatif
